"R0000100","R0002300","R0385200","R0543950","R0682100"
1,2,1,-5,-5
2,2,3,1,1
3,1,1,1,-5
4,1,1,1,-5
5,1,1,1,1
6,1,1,1,-5
7,1,1,1,2
8,1,1,1,1
9,1,8,1,1
10,1,1,1,1
11,1,1,1,1
12,1,1,1,1
13,1,1,3,1
14,1,-5,1,-5
15,1,1,1,1
16,2,1,1,1
17,1,4,1,1
18,1,1,1,1
19,1,1,1,1
20,1,-5,1,1
21,1,1,-5,-5
22,1,1,1,1
23,1,1,1,1
24,1,1,1,1
25,1,1,1,-5
26,1,1,1,1
27,1,-5,-5,-5
28,1,-5,-5,-5
29,1,1,1,1
30,1,1,1,1
31,1,1,3,-5
32,1,1,1,1
33,1,-5,-5,-5
34,1,1,1,1
35,1,1,1,1
36,1,-5,1,1
37,1,1,1,-5
38,1,-5,2,1
39,1,1,1,1
40,1,1,3,1
41,1,-5,3,1
42,1,-5,-5,-5
43,1,-5,-5,-5
44,2,-5,-5,-5
45,1,-5,-5,-5
46,1,1,-5,1
47,1,1,1,-5
48,2,1,1,1
49,2,1,1,1
50,2,1,-5,-5
51,2,-5,-5,-5
52,2,1,-5,1
53,1,4,1,1
54,1,1,1,1
55,1,1,1,-5
56,1,-5,-5,-5
57,1,1,-5,-5
58,2,1,-5,1
59,2,-5,-5,-5
60,2,1,-5,-5
61,2,8,1,3
62,1,3,1,1
63,1,1,1,1
64,1,1,1,1
65,2,8,-5,-5
66,2,8,-5,-5
67,2,1,-5,-5
68,3,1,3,-5
69,2,8,8,-5
70,2,-5,-5,-5
71,2,-5,-5,-5
72,2,-5,-5,-5
73,2,-5,-5,-5
74,2,2,-5,-5
75,2,-5,-5,-5
76,3,1,-5,-5
77,3,6,1,-5
78,2,1,-5,-5
79,2,3,1,-5
80,1,1,1,-5
81,1,1,1,3
82,1,1,1,1
83,1,1,1,2
84,2,1,-5,3
85,2,-5,-5,-5
86,2,-5,-5,-5
87,2,1,1,1
88,2,-5,-5,-5
89,2,1,-5,-5
90,1,4,1,1
91,1,1,1,1
92,1,-5,1,1
93,1,1,1,1
94,1,-5,-5,-5
95,1,-5,-5,1
96,1,1,-5,-5
97,1,1,1,1
98,2,-5,1,1
99,2,1,1,-5
100,2,-5,-5,-5
101,2,1,-5,-5
102,2,1,1,1
103,2,1,-5,-5
104,2,8,8,8
105,1,-5,-5,-5
106,1,1,-5,-5
107,1,-5,1,3
108,1,1,1,1
109,1,1,-5,-5
110,1,1,1,1
111,1,1,1,1
112,1,1,1,-5
113,1,1,-5,-5
114,1,1,1,1
115,1,1,1,1
116,1,1,1,1
117,2,-5,-5,-5
118,2,-5,-5,-5
119,1,1,1,1
120,1,1,-5,-5
121,1,1,3,-5
122,2,8,-5,-5
123,2,4,-5,-5
124,2,-5,-5,-5
125,2,1,1,1
126,2,1,-5,-5
127,1,1,1,1
128,1,-5,-5,-5
129,1,1,1,1
130,1,1,-5,-5
131,1,1,3,-5
132,1,1,1,1
133,1,1,1,1
134,1,1,1,1
135,1,1,1,1
136,1,1,1,1
137,1,1,1,1
138,1,1,1,4
139,1,1,1,1
140,1,-5,-5,-5
141,1,-5,3,1
142,1,-5,1,1
143,2,-5,-5,-5
144,1,4,1,1
145,2,-5,-5,-5
146,1,-5,-5,-5
147,1,1,1,1
148,1,1,1,1
149,1,1,1,1
150,1,1,1,-5
151,1,1,1,1
152,1,1,1,-5
153,1,-5,3,1
154,1,-5,1,1
155,1,1,4,3
156,1,1,1,1
157,1,1,3,1
158,1,1,1,1
159,1,1,1,1
160,2,-5,-5,-5
161,1,1,-5,-5
162,2,1,-5,1
163,1,-5,-5,-5
164,2,1,1,1
165,2,3,-5,-5
166,1,2,1,1
167,1,1,-5,-5
168,1,1,1,1
169,1,1,1,1
170,1,1,1,1
171,1,-5,-5,-5
172,1,-5,-5,-5
173,1,1,1,-5
174,1,3,8,-5
175,1,1,1,-5
176,1,1,1,1
177,1,1,1,1
178,1,1,1,-5
179,1,1,1,1
180,1,1,-5,-5
181,1,1,3,-5
182,1,1,1,1
183,1,8,1,1
184,1,4,-5,1
185,1,1,1,1
186,1,1,4,1
187,1,1,-5,-5
188,1,1,1,1
189,1,-5,-5,1
190,1,-5,-5,-5
191,1,-5,-5,-5
192,1,1,1,1
193,1,-5,-5,-5
194,1,4,1,1
195,1,-5,1,1
196,1,4,1,1
197,1,1,1,1
198,1,1,1,1
199,1,1,1,8
200,1,1,1,1
201,1,1,2,1
202,1,1,-5,-5
203,1,1,-5,-5
204,1,1,1,-5
205,1,1,1,1
206,1,-5,-5,-5
207,2,-5,-5,-5
208,2,1,1,-5
209,1,2,2,1
210,1,1,1,1
211,1,1,4,6
212,2,4,-5,-5
213,2,3,1,1
214,1,1,1,1
215,1,1,-5,1
216,1,1,1,1
217,1,1,1,1
218,1,1,1,1
219,1,4,-5,-5
220,1,4,1,8
221,1,-5,-5,-5
222,1,1,1,1
223,1,4,4,1
224,1,1,1,1
225,1,1,1,1
226,1,1,1,1
227,1,1,-5,-5
228,1,1,1,2
229,1,-5,1,1
230,1,1,1,1
231,1,1,1,1
232,1,-5,1,1
233,1,-5,1,-5
234,1,1,1,1
235,1,-5,-5,-5
236,1,1,-5,-5
237,1,1,1,1
238,1,-5,-5,-5
239,1,1,1,1
240,1,1,1,1
241,1,1,1,1
242,1,4,1,1
243,1,-5,-5,-5
244,1,1,1,1
245,1,4,1,1
246,1,-5,-5,-5
247,1,-5,1,1
248,1,3,1,1
249,1,2,1,1
250,1,-5,2,1
251,1,1,-5,-5
252,1,1,1,1
253,1,1,1,1
254,1,1,1,1
255,1,1,1,1
256,1,1,1,1
257,1,1,1,1
258,1,-5,-5,-5
259,1,2,1,1
260,1,1,1,1
261,1,1,1,-5
262,1,1,-5,-5
263,1,1,1,1
264,1,1,1,2
265,1,3,1,1
266,1,1,1,-5
267,1,1,1,1
268,1,2,1,1
269,1,1,1,1
270,1,1,1,-5
271,1,-5,1,1
272,1,4,1,1
273,1,1,1,-5
274,1,-5,-5,-5
275,1,3,1,-5
276,1,-5,-5,-5
277,2,1,1,1
278,1,1,-5,-5
279,1,4,1,1
280,1,1,1,1
281,1,4,4,-5
282,1,4,3,-5
283,1,1,1,1
284,1,4,1,1
285,1,1,1,1
286,1,1,1,-5
287,1,1,1,1
288,1,1,1,1
289,1,1,-5,-5
290,1,3,3,1
291,1,-5,1,1
292,1,-5,1,1
293,1,4,1,1
294,1,4,1,-5
295,1,1,1,1
296,1,1,-5,-5
297,1,1,1,1
298,1,8,1,1
299,1,3,-5,1
300,1,1,1,1
301,1,-5,3,-5
302,1,1,1,1
303,1,8,-5,-5
304,1,4,1,1
305,1,-5,-5,-5
306,1,1,1,1
307,1,1,1,1
308,1,1,1,1
309,1,1,2,-5
310,1,-5,-5,6
311,1,1,-5,-5
312,1,1,1,1
313,1,1,1,2
314,1,2,1,-5
315,1,1,3,-5
316,1,3,1,-5
317,2,-5,1,1
318,1,3,1,1
319,1,-5,-5,1
320,1,1,1,1
321,1,1,-5,-5
322,1,1,1,1
323,1,3,1,1
324,1,1,1,-5
325,1,-5,1,-5
326,1,1,1,1
327,1,-5,-5,-5
328,1,1,1,1
329,2,1,3,1
330,1,1,1,1
331,2,-5,1,-5
332,1,1,1,1
333,1,1,1,1
334,1,-5,1,6
335,1,3,8,1
336,1,-5,1,1
337,1,1,-5,-5
338,1,-5,-5,-5
339,1,1,1,1
340,1,1,1,1
341,2,1,1,1
342,2,-5,-5,-5
343,2,-5,-5,-5
344,1,1,1,1
345,1,3,1,1
346,1,-5,1,1
347,1,-5,1,1
348,1,1,1,1
349,1,1,1,1
350,1,8,1,1
351,1,1,1,1
352,1,1,1,1
353,1,1,1,1
354,1,-5,-5,-5
355,1,1,1,1
356,1,1,1,1
357,1,3,1,1
358,1,1,1,1
359,1,1,1,1
360,1,1,1,1
361,1,1,1,1
362,1,1,1,1
363,1,1,1,1
364,1,1,1,1
365,1,1,1,1
366,1,1,1,-5
367,1,1,1,1
368,1,1,1,1
369,1,-5,-5,-5
370,1,1,2,1
371,1,1,-5,-5
372,1,1,3,1
373,1,-5,-5,-5
374,1,1,2,1
375,1,2,1,1
376,1,-5,-5,-5
377,1,1,1,1
378,1,1,1,1
379,1,1,1,1
380,1,1,1,1
381,1,3,4,1
382,1,1,3,-5
383,1,3,1,1
384,1,1,4,1
385,1,3,3,1
386,1,4,1,1
387,1,1,1,1
388,1,1,1,1
389,1,1,-5,1
390,1,1,1,1
391,1,1,1,1
392,1,-5,-5,-5
393,1,1,1,1
394,1,1,-5,1
395,1,-5,-5,-5
396,2,1,1,1
397,1,4,1,1
398,1,1,1,1
399,1,1,1,1
400,1,1,1,1
401,2,1,-5,1
402,2,1,3,1
403,2,1,1,1
404,2,1,1,1
405,1,1,-5,-5
406,1,1,1,1
407,1,-5,-5,-5
408,1,3,-5,-5
409,1,3,1,1
410,1,1,1,1
411,1,2,1,1
412,1,4,4,1
413,1,4,4,-5
414,1,4,1,1
415,1,4,1,3
416,1,1,1,8
417,1,1,1,1
418,1,1,1,1
419,1,1,1,1
420,1,1,1,1
421,1,1,1,1
422,1,1,-5,-5
423,1,4,3,4
424,1,1,1,2
425,1,1,1,1
426,1,1,3,1
427,1,1,1,1
428,1,1,1,1
429,1,1,1,1
430,1,1,1,1
431,1,-5,-5,-5
432,1,3,1,1
433,1,1,1,1
434,1,1,1,1
435,1,4,1,1
436,1,-5,-5,-5
437,1,1,1,1
438,1,-5,-5,1
439,1,1,1,1
440,1,-5,-5,-5
441,1,1,1,1
442,1,1,1,1
443,1,1,1,-5
444,1,4,1,1
445,1,1,1,3
446,1,1,2,1
447,1,1,3,1
448,1,-5,-5,-5
449,1,1,1,1
450,1,-5,1,1
451,1,3,-5,-5
452,1,-5,-5,-5
453,1,3,1,1
454,1,1,1,1
455,1,1,-5,-5
456,1,1,1,1
457,1,1,1,-5
458,1,4,3,1
459,1,1,1,2
460,1,1,-5,-5
461,1,3,1,1
462,1,3,3,1
463,1,8,-5,1
464,1,1,1,-5
465,1,-5,-5,-5
466,1,1,-5,8
467,1,1,1,1
468,1,1,1,1
469,2,1,1,3
470,2,1,-5,1
471,2,2,6,1
472,2,1,-5,-5
473,2,1,1,3
474,1,4,1,1
475,2,1,1,1
476,1,-5,-5,-5
477,1,1,1,1
478,1,3,1,1
479,1,1,1,1
480,1,-5,-5,-5
481,1,-5,1,1
482,1,2,-5,-5
483,1,3,-5,-5
484,1,1,3,1
485,1,4,1,1
486,1,1,1,-5
487,1,1,1,-5
488,1,1,1,1
489,1,8,1,1
490,1,1,1,1
491,1,1,1,1
492,1,1,1,-5
493,1,1,-5,-5
494,2,1,1,1
495,1,1,1,1
496,1,1,1,1
497,1,1,1,1
498,1,8,8,1
499,1,1,1,1
500,1,-5,1,1
501,1,1,1,1
502,1,1,1,-5
503,1,1,-5,-5
504,1,1,1,1
505,1,4,1,1
506,1,1,1,2
507,1,-5,-5,-5
508,1,1,1,1
509,1,1,1,1
510,1,1,1,1
511,1,1,1,1
512,1,1,1,1
513,1,1,-5,-5
514,1,1,1,1
515,1,1,1,1
516,1,-5,1,1
517,1,1,1,1
518,1,-5,1,1
519,1,-5,1,1
520,1,1,1,1
521,1,-5,3,-5
522,1,-5,1,3
523,1,1,1,1
524,1,1,1,1
525,1,4,1,1
526,1,1,1,1
527,1,1,1,1
528,1,-5,-5,-5
529,1,-5,1,-5
530,1,-5,-5,-5
531,1,1,1,1
532,1,1,1,1
533,1,1,1,1
534,1,1,1,1
535,1,1,-5,-5
536,1,1,1,1
537,1,1,1,1
538,1,1,1,1
539,1,3,1,-5
540,2,3,1,1
541,1,-5,-5,-5
542,1,-5,1,1
543,1,1,1,1
544,1,1,1,1
545,1,1,1,1
546,1,-5,1,1
547,1,1,1,1
548,1,1,3,1
549,1,-5,-5,-5
550,1,4,-5,-5
551,1,1,1,-5
552,1,1,1,1
553,1,1,1,1
554,2,-5,-5,-5
555,2,-5,-5,-5
556,2,1,-5,-5
557,2,-5,-5,-5
558,2,-5,-5,-5
559,2,1,-5,-5
560,2,-5,-5,-5
561,1,6,1,-5
562,1,1,1,-5
563,1,1,-5,4
564,1,1,1,1
565,1,1,1,-5
566,2,6,-5,-5
567,2,1,1,2
568,2,-5,-5,-5
569,1,1,-5,-5
570,1,8,1,1
571,1,1,1,1
572,1,-5,1,1
573,1,-5,-5,-5
574,1,-5,-5,-5
575,1,1,1,4
576,1,-5,1,-5
577,2,1,8,-5
578,2,6,1,-5
579,2,1,-5,-5
580,2,-5,-5,-5
581,1,-5,1,-5
582,1,-5,1,-5
583,1,1,1,1
584,1,1,1,1
585,1,2,2,1
586,1,-5,1,1
587,1,1,-5,-5
588,1,1,1,-5
589,1,-5,-5,-5
590,1,1,1,1
591,1,1,1,1
592,1,1,1,1
593,1,1,1,1
594,1,1,1,1
595,1,1,1,1
596,1,-5,-5,-5
597,1,-5,-5,-5
598,1,4,1,1
599,2,-5,-5,-5
600,2,-5,-5,-5
601,2,1,1,1
602,2,8,-5,-5
603,2,-5,-5,-5
604,2,-5,-5,-5
605,1,1,1,1
606,2,1,3,-5
607,2,1,-5,-5
608,1,-5,-5,-5
609,3,3,8,1
610,1,1,-5,6
611,2,1,6,3
612,1,1,1,1
613,1,1,1,1
614,1,-5,-5,-5
615,1,1,1,1
616,1,1,1,1
617,1,1,1,-5
618,1,1,1,1
619,1,-5,1,1
620,1,1,1,1
621,1,1,1,1
622,2,1,-5,-5
623,1,1,3,1
624,1,1,1,1
625,2,1,-5,-5
626,2,1,1,1
627,2,3,1,3
628,1,4,1,1
629,1,1,1,1
630,1,1,1,3
631,1,3,-5,3
632,1,-5,1,1
633,1,4,1,1
634,1,1,-5,-5
635,1,1,1,1
636,1,-5,-5,-5
637,1,1,1,-5
638,1,1,1,1
639,1,-5,-5,-5
640,1,1,1,1
641,1,2,2,1
642,1,1,-5,-5
643,2,4,-5,1
644,2,1,1,1
645,2,4,-5,-5
646,1,-5,-5,-5
647,2,1,1,1
648,1,1,1,1
649,1,1,1,1
650,1,-5,-5,-5
651,1,1,2,-5
652,1,1,1,1
653,1,4,1,-5
654,1,1,1,1
655,1,1,1,1
656,1,1,1,1
657,1,1,-5,-5
658,1,4,1,1
659,1,1,-5,-5
660,1,1,1,1
661,1,-5,-5,-5
662,1,4,1,1
663,1,1,1,1
664,2,-5,-5,-5
665,1,-5,-5,-5
666,1,1,-5,-5
667,1,1,2,2
668,1,2,1,-5
669,1,1,1,1
670,1,1,1,1
671,3,4,1,1
672,3,4,-5,-5
673,3,1,1,1
674,2,-5,-5,-5
675,1,1,1,1
676,2,1,1,3
677,1,1,1,1
678,1,1,-5,-5
679,1,1,1,1
680,1,1,1,1
681,1,4,1,1
682,1,-5,1,1
683,1,-5,-5,-5
684,1,1,1,-5
685,1,4,1,1
686,1,1,1,1
687,1,1,1,-5
688,1,1,-5,-5
689,1,1,1,1
690,1,3,-5,-5
691,1,4,1,1
692,1,4,1,1
693,1,1,-5,-5
694,1,-5,6,6
695,1,1,1,1
696,2,-5,-5,-5
697,2,-5,-5,-5
698,2,-5,-5,-5
699,2,-5,-5,-5
700,1,-5,-5,-5
701,1,-5,-5,-5
702,1,-5,-5,-5
703,1,1,1,1
704,1,1,1,1
705,1,1,1,1
706,1,1,1,1
707,2,-5,-5,-5
708,2,1,1,1
709,1,1,1,1
710,1,1,3,1
711,2,3,1,-5
712,2,1,1,-5
713,2,1,-5,-5
714,1,1,1,1
715,1,1,1,1
716,1,2,-5,-5
717,1,1,1,1
718,1,1,-5,-5
719,1,-5,1,1
720,1,1,-5,-5
721,1,1,1,1
722,1,1,-5,-5
723,1,-5,-5,-5
724,1,3,-5,-5
725,1,1,1,1
726,1,4,-5,-5
727,1,1,1,1
728,1,1,1,1
729,1,4,2,1
730,1,4,4,1
731,1,1,1,-5
732,1,3,1,1
733,1,1,1,1
734,1,1,1,1
735,2,-5,1,1
736,2,-5,-5,-5
737,2,-5,-5,-5
738,1,1,-5,-5
739,1,1,-5,-5
740,1,-5,-5,-5
741,1,-5,-5,-5
742,1,1,1,1
743,1,1,1,1
744,1,1,1,1
745,1,-5,-5,-5
746,1,-5,-5,-5
747,1,-5,1,1
748,2,-5,-5,-5
749,2,1,1,1
750,2,1,1,-5
751,2,1,1,1
752,1,3,1,-5
753,1,1,1,6
754,1,1,1,1
755,1,1,-5,1
756,1,-5,1,1
757,1,1,1,1
758,1,1,1,1
759,1,1,1,1
760,1,-5,-5,-5
761,1,-5,-5,-5
762,1,1,1,1
763,1,1,1,1
764,1,1,1,1
765,1,4,1,1
766,1,1,1,1
767,1,4,1,-5
768,1,1,2,1
769,1,-5,-5,-5
770,1,4,1,1
771,1,-5,-5,-5
772,1,-5,1,1
773,1,-5,1,1
774,1,3,1,1
775,1,1,1,1
776,1,1,1,1
777,1,3,1,1
778,1,1,1,1
779,1,-5,2,1
780,1,-5,-5,-5
781,1,1,1,1
782,1,-5,-5,-5
783,1,1,1,-5
784,1,1,1,1
785,1,1,1,1
786,1,1,1,1
787,1,1,1,1
788,1,1,-5,-5
789,1,1,-5,-5
790,1,1,1,-5
791,1,-5,1,1
792,1,1,1,-5
793,1,1,-5,-5
794,2,-5,4,-5
795,2,1,-5,-5
796,2,1,-5,-5
797,2,1,-5,-5
798,2,1,2,1
799,2,4,1,3
800,1,1,2,-5
801,1,1,1,1
802,1,4,1,1
803,1,1,1,6
804,2,1,1,1
805,1,1,1,1
806,1,-5,-5,4
807,1,-5,2,1
808,1,-5,-5,4
809,2,1,1,1
810,2,1,1,1
811,2,1,-5,-5
812,2,-5,-5,-5
813,1,1,1,1
814,1,1,1,1
815,1,1,1,1
816,1,1,1,1
817,1,1,1,1
818,1,1,1,1
819,1,1,3,1
820,1,1,1,1
821,1,1,1,1
822,1,1,3,-5
823,1,-5,-5,-5
824,1,1,1,1
825,2,3,-5,-5
826,2,8,-5,-5
827,1,1,1,1
828,1,1,4,1
829,1,1,-5,-5
830,1,-5,-5,-5
831,1,-5,-5,-5
832,2,-5,3,1
833,2,1,-5,1
834,1,1,3,1
835,1,1,1,-5
836,1,1,1,1
837,1,8,8,-5
838,1,1,1,1
839,1,2,1,1
840,2,-5,1,-5
841,1,1,1,-5
842,1,4,1,6
843,1,3,-5,-5
844,1,1,-5,-5
845,1,1,1,-5
846,1,-5,1,1
847,1,-5,2,1
848,1,1,1,-5
849,1,1,1,-5
850,1,1,1,1
851,1,1,1,-5
852,1,-5,1,-5
853,1,-5,-5,-5
854,1,-5,-5,-5
855,1,1,-5,1
856,1,-5,-5,-5
857,1,-5,1,1
858,2,1,1,1
859,1,1,1,1
860,1,1,-5,-5
861,1,-5,-5,-5
862,1,1,1,-5
863,1,1,1,1
864,1,-5,1,-5
865,1,1,1,1
866,1,4,1,1
867,1,-5,1,1
868,1,1,-5,-5
869,1,-5,-5,-5
870,1,1,1,1
871,1,-5,1,1
872,1,-5,1,1
873,1,1,1,1
874,1,-5,-5,-5
875,1,4,1,1
876,1,4,3,-5
877,1,-5,-5,-5
878,1,4,1,1
879,1,1,1,1
880,1,1,1,-5
881,1,1,1,1
882,1,1,1,1
883,1,3,1,1
884,1,1,1,1
885,1,1,1,3
886,1,3,1,1
887,1,1,1,1
888,1,1,1,1
889,1,3,1,1
890,1,1,1,1
891,1,1,1,2
892,1,3,1,1
893,1,-5,1,1
894,1,-5,1,4
895,1,1,1,1
896,1,1,-5,-5
897,1,1,1,1
898,1,1,-5,-5
899,1,1,1,1
900,1,1,1,1
901,1,-5,1,1
902,1,1,1,1
903,1,1,1,1
904,1,-5,1,1
905,1,1,2,1
906,1,-5,-5,-5
907,1,-5,-5,-5
908,1,1,1,1
909,1,1,3,1
910,1,1,4,1
911,1,1,1,1
912,1,1,3,-5
913,1,1,1,3
914,1,1,1,8
915,1,1,1,1
916,1,1,1,-5
917,1,1,1,1
918,1,1,8,1
919,1,1,1,1
920,1,-5,4,3
921,1,1,3,1
922,1,1,-5,-5
923,1,4,-5,1
924,1,1,1,3
925,1,-5,1,1
926,1,1,-5,-5
927,1,1,1,-5
928,1,1,1,1
929,1,2,3,1
930,1,-5,-5,1
931,1,4,1,1
932,1,1,1,-5
933,1,1,1,1
934,1,-5,-5,-5
935,1,1,3,1
936,1,1,1,1
937,1,1,-5,-5
938,1,1,2,3
939,1,1,1,1
940,1,3,1,1
941,1,2,1,1
942,1,-5,1,3
943,1,1,1,1
944,1,4,1,1
945,1,-5,1,1
946,1,-5,1,1
947,1,4,1,1
948,1,4,1,1
949,1,1,1,1
950,1,1,-5,-5
951,1,1,2,1
952,1,8,-5,-5
953,1,1,1,1
954,1,1,1,1
955,1,-5,-5,-5
956,1,1,1,1
957,1,1,1,1
958,1,1,2,1
959,1,1,1,1
960,1,-5,-5,-5
961,1,2,1,1
962,1,-5,-5,-5
963,1,1,1,1
964,1,6,4,-5
965,1,1,1,1
966,1,1,3,3
967,1,1,1,1
968,1,1,1,1
969,1,1,1,1
970,1,1,-5,1
971,1,1,1,1
972,1,1,1,1
973,1,1,1,-5
974,1,1,1,1
975,1,1,1,1
976,1,1,1,1
977,1,1,1,1
978,1,-5,1,-5
979,1,1,1,-5
980,1,1,1,-5
981,1,1,3,1
982,1,1,-5,1
983,1,1,1,1
984,1,1,1,1
985,1,1,1,1
986,1,1,1,1
987,1,1,1,-5
988,1,-5,1,1
989,1,4,1,2
990,1,1,1,1
991,1,1,1,1
992,1,4,4,1
993,1,-5,-5,-5
994,1,1,-5,-5
995,1,1,-5,-5
996,1,1,1,1
997,1,-5,1,1
998,1,1,1,-5
999,1,-5,1,1
1000,1,-5,-5,-5
1001,1,-5,-5,-5
1002,1,-5,-5,-5
1003,1,1,-5,-5
1004,1,1,1,1
1005,1,1,1,1
1006,1,1,1,3
1007,1,-5,-5,-5
1008,1,4,1,1
1009,1,1,1,1
1010,1,-5,1,1
1011,1,1,1,1
1012,1,1,1,1
1013,1,1,1,1
1014,1,1,1,1
1015,1,1,1,1
1016,1,1,1,1
1017,1,1,1,1
1018,1,1,2,1
1019,1,1,-5,-5
1020,1,1,2,1
1021,1,1,1,1
1022,1,1,-5,-5
1023,1,4,1,1
1024,1,-5,1,-5
1025,1,1,1,1
1026,1,1,1,1
1027,1,3,1,3
1028,1,1,1,1
1029,1,-5,-5,-5
1030,1,1,1,1
1031,1,1,1,1
1032,1,-5,-5,-5
1033,1,1,1,1
1034,1,1,1,1
1035,1,-5,-5,-5
1036,1,1,1,1
1037,1,1,1,1
1038,1,1,1,1
1039,1,1,-5,1
1040,1,1,1,1
1041,1,3,3,1
1042,1,4,-5,-5
1043,1,-5,1,1
1044,1,1,1,1
1045,1,4,-5,1
1046,1,1,1,1
1047,1,1,1,1
1048,1,1,1,1
1049,1,1,1,1
1050,1,1,1,-5
1051,1,1,1,1
1052,1,1,1,1
1053,1,1,1,1
1054,1,1,1,1
1055,1,-5,1,-5
1056,1,1,1,1
1057,1,1,-5,-5
1058,1,1,1,1
1059,1,1,1,1
1060,1,1,1,1
1061,1,1,1,1
1062,1,1,1,1
1063,1,4,1,1
1064,1,1,1,1
1065,1,1,1,1
1066,1,1,-5,-5
1067,1,1,1,1
1068,1,1,1,1
1069,1,1,-5,-5
1070,1,1,1,1
1071,1,3,1,-5
1072,2,-5,-5,-5
1073,2,-5,-5,-5
1074,2,3,-5,-5
1075,2,1,3,1
1076,2,4,1,1
1077,2,1,1,1
1078,2,2,1,1
1079,1,1,1,1
1080,1,8,1,-5
1081,2,1,1,1
1082,2,-5,-5,-5
1083,2,-5,-5,-5
1084,1,1,1,1
1085,1,-5,-5,1
1086,2,8,3,3
1087,2,1,-5,3
1088,1,1,1,1
1089,1,1,1,1
1090,1,4,1,1
1091,1,4,1,3
1092,2,1,-5,-5
1093,2,1,-5,-5
1094,1,1,1,1
1095,1,1,2,1
1096,1,1,1,3
1097,1,1,1,1
1098,1,4,1,2
1099,1,-5,1,1
1100,1,-5,1,6
1101,1,1,1,1
1102,1,1,1,1
1103,1,8,1,-5
1104,1,1,1,1
1105,1,1,1,1
1106,1,-5,-5,-5
1107,1,1,1,-5
1108,1,1,1,1
1109,1,-5,-5,-5
1110,1,1,1,3
1111,1,-5,1,1
1112,1,1,1,1
1113,1,1,1,-5
1114,1,1,1,1
1115,1,1,1,1
1116,1,1,1,1
1117,1,-5,-5,-5
1118,1,-5,-5,-5
1119,1,1,1,1
1120,1,1,1,1
1121,1,1,1,1
1122,1,1,1,1
1123,1,1,3,-5
1124,1,1,1,-5
1125,1,1,1,1
1126,1,-5,3,3
1127,1,1,1,1
1128,1,-5,-5,-5
1129,1,1,1,1
1130,1,1,1,1
1131,1,1,1,6
1132,2,1,1,1
1133,2,1,1,1
1134,2,3,1,1
1135,2,-5,1,1
1136,2,1,-5,3
1137,1,1,-5,-5
1138,1,-5,-5,-5
1139,1,-5,1,1
1140,1,4,1,1
1141,1,1,1,1
1142,1,1,2,1
1143,1,3,4,1
1144,1,1,1,4
1145,1,4,1,1
1146,1,1,1,1
1147,1,1,1,1
1148,1,1,1,1
1149,1,1,1,1
1150,2,1,1,1
1151,2,8,-5,-5
1152,1,1,1,1
1153,1,4,4,1
1154,1,1,1,1
1155,1,2,1,1
1156,1,1,8,1
1157,1,-5,-5,1
1158,1,1,1,1
1159,1,2,1,2
1160,1,1,1,1
1161,1,3,2,1
1162,1,1,1,1
1163,1,1,1,1
1164,2,-5,-5,-5
1165,2,1,-5,1
1166,2,-5,-5,-5
1167,2,-5,-5,-5
1168,1,1,1,1
1169,2,1,1,1
1170,2,-5,-5,-5
1171,2,-5,-5,1
1172,1,1,1,1
1173,1,1,1,1
1174,1,-5,-5,-5
1175,1,3,1,1
1176,1,4,1,1
1177,1,-5,1,1
1178,1,1,-5,-5
1179,2,3,1,1
1180,2,1,1,2
1181,2,1,3,1
1182,2,-5,-5,-5
1183,2,1,2,1
1184,1,1,1,1
1185,1,1,1,1
1186,1,1,1,1
1187,1,1,1,1
1188,1,1,1,1
1189,1,1,1,2
1190,1,8,-5,-5
1191,2,1,3,-5
1192,2,1,2,1
1193,2,3,-5,-5
1194,2,-5,-5,-5
1195,2,3,-5,-5
1196,1,-5,-5,-5
1197,2,-5,-5,-5
1198,2,-5,-5,-5
1199,2,-5,-5,-5
1200,2,1,-5,-5
1201,2,1,1,3
1202,2,1,1,1
1203,2,-5,3,1
1204,2,8,-5,-5
1205,1,1,1,1
1206,1,8,1,-5
1207,1,1,1,1
1208,1,1,-5,-5
1209,2,1,1,1
1210,2,2,1,1
1211,2,8,-5,-5
1212,2,1,-5,4
1213,2,1,1,-5
1214,2,-5,-5,-5
1215,2,3,1,-5
1216,2,1,1,1
1217,2,1,-5,-5
1218,1,1,-5,-5
1219,1,1,-5,-5
1220,1,-5,-5,-5
1221,2,-5,3,-5
1222,2,-5,-5,-5
1223,2,-5,-5,-5
1224,2,1,1,1
1225,2,-5,-5,-5
1226,2,-5,-5,-5
1227,1,-5,1,1
1228,1,1,1,1
1229,1,-5,-5,-5
1230,1,4,1,-5
1231,1,1,1,1
1232,1,1,-5,-5
1233,2,-5,1,1
1234,2,1,3,-5
1235,2,2,3,6
1236,2,1,3,1
1237,2,3,1,-5
1238,2,3,1,-5
1239,2,-5,-5,-5
1240,2,1,-5,-5
1241,1,-5,-5,-5
1242,1,-5,-5,-5
1243,1,1,1,1
1244,1,1,1,-5
1245,1,1,1,1
1246,1,1,1,-5
1247,1,1,1,1
1248,1,1,1,1
1249,1,3,3,2
1250,1,1,1,1
1251,1,1,1,1
1252,1,1,1,1
1253,1,1,1,1
1254,1,1,-5,-5
1255,1,1,2,-5
1256,1,1,1,1
1257,2,1,-5,-5
1258,2,-5,1,-5
1259,2,-5,-5,-5
1260,1,1,1,1
1261,1,1,4,1
1262,1,1,1,1
1263,1,1,1,-5
1264,1,1,1,1
1265,1,1,1,-5
1266,1,1,1,1
1267,1,4,1,1
1268,1,1,1,1
1269,1,1,1,1
1270,1,1,-5,-5
1271,1,1,-5,1
1272,1,3,1,1
1273,1,-5,1,1
1274,1,1,-5,-5
1275,2,4,1,3
1276,2,1,8,-5
1277,2,1,1,-5
1278,2,-5,-5,-5
1279,3,1,1,-5
1280,3,3,-5,-5
1281,1,-5,-5,-5
1282,1,1,-5,-5
1283,1,1,1,1
1284,1,1,1,1
1285,1,1,1,1
1286,1,3,1,3
1287,1,-5,1,1
1288,1,1,1,2
1289,1,1,1,1
1290,2,1,1,1
1291,2,-5,-5,-5
1292,2,-5,-5,-5
1293,1,1,1,1
1294,1,-5,-5,-5
1295,1,-5,1,-5
1296,1,-5,-5,-5
1297,1,-5,-5,-5
1298,1,4,1,1
1299,1,-5,-5,-5
1300,2,-5,-5,-5
1301,2,3,8,-5
1302,2,3,1,-5
1303,2,-5,-5,-5
1304,2,-5,-5,-5
1305,1,-5,1,1
1306,1,1,1,1
1307,1,1,1,1
1308,1,-5,-5,-5
1309,1,-5,-5,-5
1310,1,1,1,2
1311,1,3,1,-5
1312,1,8,1,1
1313,1,1,1,1
1314,1,3,1,3
1315,1,1,1,-5
1316,1,8,1,1
1317,2,1,-5,-5
1318,2,4,-5,-5
1319,2,4,-5,-5
1320,2,3,3,-5
1321,2,1,-5,-5
1322,2,1,-5,-5
1323,2,1,1,-5
1324,2,-5,-5,-5
1325,2,1,-5,-5
1326,2,1,-5,-5
1327,2,-5,-5,-5
1328,2,1,-5,-5
1329,2,-5,-5,-5
1330,2,-5,8,1
1331,2,8,-5,-5
1332,3,1,1,1
1333,1,-5,-5,-5
1334,1,1,1,1
1335,2,1,8,8
1336,2,1,1,1
1337,2,1,8,1
1338,1,1,1,1
1339,1,1,1,1
1340,1,-5,1,1
1341,1,-5,-5,-5
1342,1,1,-5,-5
1343,1,-5,-5,-5
1344,1,-5,-5,-5
1345,1,-5,-5,-5
1346,1,-5,-5,-5
1347,2,-5,3,2
1348,2,1,-5,-5
1349,2,1,1,1
1350,2,-5,1,1
1351,2,1,-5,-5
1352,2,3,-5,2
1353,2,1,1,1
1354,2,1,1,3
1355,2,4,1,1
1356,2,3,1,3
1357,2,-5,-5,-5
1358,1,-5,1,1
1359,1,1,1,1
1360,1,1,1,1
1361,1,1,1,-5
1362,1,2,1,1
1363,1,1,1,1
1364,1,3,1,-5
1365,1,1,1,1
1366,1,-5,-5,-5
1367,1,8,-5,-5
1368,2,-5,-5,-5
1369,2,-5,-5,-5
1370,2,1,1,-5
1371,2,1,1,1
1372,2,1,-5,-5
1373,1,-5,-5,-5
1374,1,1,1,1
1375,1,1,1,1
1376,1,-5,-5,-5
1377,1,1,1,1
1378,1,1,-5,-5
1379,1,1,1,-5
1380,1,1,1,1
1381,1,1,-5,-5
1382,1,-5,1,1
1383,2,-5,-5,-5
1384,2,8,-5,-5
1385,2,1,-5,-5
1386,2,1,-5,-5
1387,2,-5,-5,-5
1388,2,-5,-5,-5
1389,1,4,2,1
1390,1,-5,-5,-5
1391,1,1,1,1
1392,1,1,3,3
1393,1,1,-5,-5
1394,1,-5,-5,-5
1395,1,1,1,1
1396,1,1,1,1
1397,1,1,1,1
1398,1,1,1,1
1399,1,1,1,1
1400,2,1,-5,-5
1401,2,2,-5,-5
1402,1,-5,-5,-5
1403,1,1,-5,-5
1404,1,8,1,1
1405,1,1,-5,-5
1406,1,2,-5,-5
1407,1,1,1,2
1408,1,1,1,1
1409,1,1,2,1
1410,1,1,1,2
1411,1,1,1,1
1412,1,1,-5,-5
1413,1,-5,1,1
1414,1,-5,-5,-5
1415,1,-5,-5,-5
1416,1,1,1,1
1417,2,-5,-5,-5
1418,2,8,-5,-5
1419,2,4,8,6
1420,2,-5,-5,-5
1421,2,2,1,3
1422,2,1,1,3
1423,2,3,1,1
1424,2,2,1,-5
1425,2,1,1,1
1426,2,1,3,3
1427,2,-5,-5,-5
1428,1,-5,1,1
1429,1,1,-5,1
1430,1,1,1,1
1431,1,1,1,1
1432,1,1,1,1
1433,1,1,-5,-5
1434,1,-5,-5,-5
1435,1,1,-5,-5
1436,1,1,1,1
1437,1,6,6,6
1438,1,1,1,1
1439,1,1,1,1
1440,1,1,1,1
1441,1,1,1,1
1442,2,-5,-5,-5
1443,2,1,-5,-5
1444,2,1,8,1
1445,2,4,1,3
1446,2,3,-5,-5
1447,2,1,1,1
1448,2,1,3,-5
1449,2,8,1,3
1450,2,2,-5,-5
1451,2,-5,-5,-5
1452,2,1,-5,-5
1453,2,1,-5,1
1454,2,1,3,-5
1455,2,-5,-5,-5
1456,2,-5,-5,-5
1457,2,-5,-5,-5
1458,1,1,1,3
1459,1,1,1,1
1460,1,1,3,1
1461,1,1,1,1
1462,1,1,1,1
1463,1,1,1,1
1464,1,1,1,1
1465,1,3,1,1
1466,1,1,-5,-5
1467,1,1,1,1
1468,1,1,1,1
1469,1,1,3,1
1470,1,1,1,1
1471,1,-5,-5,-5
1472,1,-5,1,1
1473,1,1,6,8
1474,1,1,1,1
1475,1,1,1,1
1476,1,4,1,2
1477,2,1,-5,-5
1478,2,-5,-5,-5
1479,2,1,-5,-5
1480,2,1,1,1
1481,2,-5,-5,-5
1482,2,-5,-5,-5
1483,2,-5,-5,-5
1484,2,1,-5,3
1485,2,-5,1,1
1486,2,-5,1,8
1487,1,1,-5,1
1488,1,1,1,1
1489,1,1,-5,-5
1490,1,1,1,-5
1491,1,1,1,1
1492,2,1,1,1
1493,2,-5,-5,-5
1494,2,8,-5,-5
1495,2,2,1,-5
1496,2,3,2,3
1497,2,1,1,1
1498,2,1,1,1
1499,1,1,1,1
1500,1,1,1,1
1501,1,1,1,1
1502,1,1,1,2
1503,1,1,1,1
1504,1,1,1,2
1505,1,-5,-5,-5
1506,1,1,1,1
1507,2,-5,-5,-5
1508,1,1,1,1
1509,1,1,-5,-5
1510,1,1,1,1
1511,1,1,1,1
1512,1,-5,1,1
1513,1,4,1,1
1514,1,1,1,1
1515,1,-5,1,1
1516,1,1,1,1
1517,1,1,1,1
1518,1,1,1,1
1519,1,1,1,1
1520,1,1,1,1
1521,1,1,1,1
1522,1,-5,-5,-5
1523,1,1,1,1
1524,1,1,-5,3
1525,1,-5,-5,-5
1526,1,1,1,1
1527,1,4,1,1
1528,1,1,1,1
1529,1,1,1,1
1530,1,1,1,1
1531,1,3,3,1
1532,1,1,1,1
1533,1,1,-5,-5
1534,2,2,8,3
1535,1,1,1,1
1536,1,1,1,1
1537,1,1,1,1
1538,1,1,-5,-5
1539,1,1,1,1
1540,1,-5,-5,1
1541,1,1,1,1
1542,1,1,1,1
1543,1,1,1,1
1544,1,1,1,1
1545,1,1,1,1
1546,2,-5,-5,-5
1547,2,-5,-5,-5
1548,2,1,1,-5
1549,1,-5,-5,-5
1550,1,-5,-5,1
1551,1,-5,1,1
1552,1,1,4,1
1553,1,1,1,1
1554,1,-5,1,1
1555,1,1,3,3
1556,1,1,1,1
1557,1,-5,1,1
1558,1,-5,1,1
1559,1,1,1,1
1560,1,1,3,3
1561,1,1,1,-5
1562,1,1,4,-5
1563,1,1,1,1
1564,2,1,1,2
1565,2,-5,1,1
1566,2,2,1,1
1567,2,1,-5,-5
1568,1,8,1,3
1569,1,1,1,1
1570,1,1,1,1
1571,1,1,2,1
1572,1,-5,-5,-5
1573,1,1,-5,1
1574,1,1,1,-5
1575,1,1,1,1
1576,1,1,1,1
1577,1,-5,1,1
1578,1,1,1,1
1579,1,1,1,1
1580,1,2,1,1
1581,1,4,1,1
1582,1,1,1,1
1583,1,-5,-5,-5
1584,1,-5,3,-5
1585,1,1,3,1
1586,1,1,1,1
1587,1,-5,1,1
1588,1,1,1,1
1589,1,1,1,1
1590,1,-5,-5,-5
1591,1,1,3,1
1592,1,1,1,1
1593,1,1,1,1
1594,1,1,1,1
1595,1,1,1,1
1596,1,1,1,1
1597,1,1,1,1
1598,1,1,1,1
1599,1,1,1,1
1600,1,-5,1,1
1601,1,1,1,1
1602,2,1,-5,1
1603,2,-5,-5,-5
1604,1,1,2,1
1605,1,1,1,2
1606,1,1,1,1
1607,1,1,1,-5
1608,1,1,1,1
1609,2,1,1,-5
1610,1,4,1,1
1611,1,4,1,3
1612,1,1,1,1
1613,1,3,1,1
1614,1,1,1,1
1615,1,1,1,1
1616,1,1,-5,-5
1617,1,-5,1,1
1618,1,-5,-5,-5
1619,1,3,-5,-5
1620,1,1,1,-5
1621,1,1,6,1
1622,1,3,-5,-5
1623,1,1,1,1
1624,1,1,1,1
1625,1,1,-5,-5
1626,1,-5,-5,-5
1627,1,2,1,-5
1628,1,1,1,1
1629,1,8,6,8
1630,1,1,1,1
1631,1,1,1,1
1632,1,1,1,1
1633,1,1,1,1
1634,1,3,-5,1
1635,1,1,-5,-5
1636,1,1,1,1
1637,1,1,1,-5
1638,1,1,1,3
1639,1,1,1,1
1640,1,1,1,2
1641,1,-5,2,-5
1642,1,-5,-5,-5
1643,1,-5,1,1
1644,2,6,6,-5
1645,2,1,1,-5
1646,2,1,1,-5
1647,1,1,1,-5
1648,1,-5,1,1
1649,1,-5,1,1
1650,1,1,1,1
1651,1,1,3,1
1652,1,3,-5,-5
1653,1,1,2,1
1654,1,1,1,1
1655,1,1,3,1
1656,1,-5,1,1
1657,1,1,1,1
1658,1,4,1,1
1659,1,1,1,1
1660,1,1,1,-5
1661,1,1,-5,-5
1662,2,1,1,1
1663,2,-5,-5,-5
1664,2,-5,-5,-5
1665,1,1,1,1
1666,1,1,1,2
1667,1,1,1,1
1668,2,-5,-5,-5
1669,2,-5,3,-5
1670,2,-5,-5,-5
1671,1,-5,1,1
1672,1,1,-5,-5
1673,1,-5,-5,-5
1674,1,1,-5,-5
1675,1,-5,1,1
1676,1,1,-5,-5
1677,1,1,1,1
1678,2,3,1,-5
1679,1,1,1,1
1680,1,1,4,1
1681,1,1,1,1
1682,1,1,1,1
1683,1,1,-5,-5
1684,1,1,1,1
1685,1,1,1,1
1686,1,2,1,1
1687,1,-5,3,1
1688,1,1,1,1
1689,1,-5,-5,-5
1690,1,1,-5,-5
1691,1,1,1,1
1692,1,-5,3,1
1693,1,3,1,-5
1694,1,-5,1,1
1695,1,-5,-5,-5
1696,1,1,1,1
1697,1,1,1,1
1698,1,1,1,1
1699,1,1,1,1
1700,1,1,1,1
1701,1,1,1,1
1702,1,4,1,1
1703,1,1,1,1
1704,1,1,1,1
1705,1,1,1,2
1706,1,-5,2,1
1707,1,1,1,1
1708,1,1,1,1
1709,1,1,-5,-5
1710,1,1,1,1
1711,1,1,1,1
1712,1,1,1,1
1713,1,4,1,1
1714,1,1,1,1
1715,1,1,1,1
1716,1,1,1,1
1717,1,1,1,1
1718,1,1,1,1
1719,1,1,1,1
1720,1,3,1,1
1721,1,1,1,1
1722,1,1,1,-5
1723,1,-5,-5,1
1724,1,4,1,1
1725,1,1,1,1
1726,1,-5,-5,-5
1727,1,1,1,1
1728,1,1,1,1
1729,1,1,2,1
1730,1,-5,1,2
1731,1,1,1,3
1732,1,-5,1,1
1733,1,1,-5,1
1734,1,1,-5,1
1735,1,1,1,1
1736,1,4,1,1
1737,1,1,1,4
1738,1,-5,-5,-5
1739,1,1,1,2
1740,1,1,1,1
1741,1,1,1,1
1742,1,-5,1,1
1743,1,1,1,1
1744,1,1,1,1
1745,1,1,1,1
1746,1,1,1,1
1747,1,-5,1,1
1748,1,1,1,1
1749,1,-5,-5,-5
1750,1,-5,1,1
1751,1,1,1,3
1752,1,1,1,1
1753,1,1,1,1
1754,1,1,4,1
1755,1,1,1,1
1756,1,1,1,-5
1757,1,-5,-5,-5
1758,1,1,1,1
1759,1,1,1,1
1760,1,1,-5,-5
1761,1,1,-5,1
1762,1,1,1,1
1763,1,1,1,1
1764,1,-5,-5,-5
1765,1,-5,1,2
1766,1,1,1,2
1767,1,1,1,1
1768,1,1,1,1
1769,1,2,1,1
1770,1,2,1,1
1771,1,3,1,1
1772,1,1,1,1
1773,1,1,1,1
1774,1,1,1,1
1775,1,4,-5,-5
1776,1,1,1,1
1777,1,4,1,1
1778,1,1,1,1
1779,1,1,1,1
1780,1,1,1,1
1781,1,2,1,1
1782,1,-5,-5,-5
1783,1,1,-5,-5
1784,1,6,1,-5
1785,1,1,1,1
1786,1,3,1,1
1787,1,-5,-5,-5
1788,1,4,1,1
1789,1,1,1,1
1790,1,1,8,1
1791,1,1,1,2
1792,1,-5,1,1
1793,1,1,-5,-5
1794,1,2,1,-5
1795,1,1,1,-5
1796,1,1,1,1
1797,1,1,1,1
1798,1,1,-5,1
1799,1,4,1,1
1800,1,6,6,6
1801,1,-5,-5,-5
1802,1,1,1,-5
1803,1,1,1,1
1804,1,3,1,1
1805,1,4,1,1
1806,1,8,8,6
1807,1,1,1,1
1808,1,8,-5,1
1809,1,3,1,1
1810,1,4,1,4
1811,1,-5,-5,-5
1812,1,1,1,1
1813,1,1,-5,-5
1814,1,1,1,1
1815,1,1,1,1
1816,1,2,1,1
1817,1,1,1,1
1818,1,1,1,-5
1819,1,1,1,1
1820,1,1,1,1
1821,1,4,1,1
1822,1,1,1,1
1823,1,-5,-5,-5
1824,1,-5,-5,1
1825,1,1,-5,-5
1826,1,-5,1,3
1827,1,1,-5,-5
1828,1,1,4,1
1829,1,1,1,1
1830,1,1,1,1
1831,1,1,1,-5
1832,1,1,1,-5
1833,1,1,-5,-5
1834,1,1,1,1
1835,1,1,1,1
1836,1,1,-5,1
1837,1,-5,-5,-5
1838,1,1,1,1
1839,1,1,1,1
1840,1,-5,-5,-5
1841,1,1,1,-5
1842,1,-5,-5,-5
1843,1,1,1,1
1844,1,1,1,1
1845,1,-5,1,1
1846,1,1,1,-5
1847,1,1,1,-5
1848,1,8,-5,-5
1849,1,1,1,1
1850,1,-5,-5,-5
1851,1,-5,-5,-5
1852,1,-5,-5,-5
1853,1,3,1,1
1854,1,1,1,1
1855,1,1,1,2
1856,1,1,-5,-5
1857,1,1,1,-5
1858,1,3,1,3
1859,1,3,1,1
1860,1,1,1,1
1861,1,1,1,-5
1862,1,8,-5,-5
1863,1,1,1,1
1864,1,-5,1,1
1865,1,1,1,1
1866,1,4,4,1
1867,1,1,1,1
1868,1,1,1,1
1869,1,1,1,1
1870,1,-5,-5,-5
1871,1,1,1,1
1872,1,1,1,1
1873,1,1,1,1
1874,1,1,1,-5
1875,1,4,1,1
1876,1,-5,4,1
1877,2,1,-5,-5
1878,1,1,1,1
1879,1,1,1,-5
1880,1,1,1,1
1881,1,1,1,1
1882,1,1,1,1
1883,1,1,1,1
1884,1,4,1,1
1885,1,1,1,1
1886,1,1,1,1
1887,1,1,-5,-5
1888,1,1,1,1
1889,1,1,1,-5
1890,1,1,1,1
1891,1,1,1,1
1892,1,1,1,1
1893,1,1,4,1
1894,1,1,1,1
1895,1,1,1,1
1896,1,1,1,1
1897,1,4,1,1
1898,1,-5,-5,-5
1899,1,1,1,-5
1900,1,3,3,1
1901,1,1,1,-5
1902,1,-5,-5,1
1903,1,1,1,1
1904,1,1,8,1
1905,1,1,1,1
1906,1,1,1,1
1907,1,1,1,1
1908,1,1,-5,-5
1909,1,-5,-5,-5
1910,1,1,1,1
1911,1,1,1,1
1912,1,1,1,-5
1913,1,1,1,1
1914,1,1,1,1
1915,1,1,-5,-5
1916,1,-5,-5,1
1917,1,1,1,1
1918,1,2,-5,-5
1919,1,1,1,1
1920,1,1,1,1
1921,1,1,1,2
1922,1,1,1,1
1923,2,1,1,2
1924,2,1,-5,-5
1925,1,1,2,8
1926,1,1,1,1
1927,1,-5,1,1
1928,1,1,1,1
1929,1,1,1,1
1930,1,1,1,1
1931,2,1,-5,-5
1932,2,-5,-5,-5
1933,1,1,1,1
1934,1,8,-5,-5
1935,1,4,1,-5
1936,1,1,1,1
1937,1,1,1,1
1938,1,1,1,1
1939,1,1,1,1
1940,1,1,1,2
1941,1,1,4,1
1942,1,1,1,1
1943,1,-5,-5,-5
1944,1,1,1,1
1945,1,1,1,1
1946,1,1,1,1
1947,1,1,1,1
1948,1,1,1,1
1949,1,1,1,1
1950,1,1,1,1
1951,1,1,1,1
1952,1,1,1,1
1953,1,1,1,1
1954,1,1,1,1
1955,1,-5,2,1
1956,1,4,1,1
1957,1,8,1,1
1958,1,8,4,1
1959,1,-5,-5,-5
1960,1,4,1,1
1961,1,1,1,1
1962,1,1,1,4
1963,1,1,1,1
1964,2,1,1,1
1965,2,-5,-5,-5
1966,2,-5,-5,-5
1967,1,1,1,1
1968,1,4,3,1
1969,1,1,1,1
1970,1,1,1,1
1971,1,1,1,1
1972,1,-5,-5,-5
1973,1,-5,1,2
1974,1,1,-5,-5
1975,1,1,1,1
1976,1,1,1,1
1977,1,1,-5,-5
1978,1,1,1,1
1979,1,4,1,-5
1980,1,-5,1,1
1981,1,1,-5,-5
1982,1,1,1,1
1983,1,3,1,1
1984,1,-5,-5,-5
1985,1,1,1,1
1986,2,1,-5,-5
1987,1,1,1,2
1988,1,-5,-5,-5
1989,1,1,1,3
1990,1,-5,-5,-5
1991,1,1,1,1
1992,1,1,1,1
1993,1,4,1,4
1994,1,1,1,1
1995,1,-5,-5,-5
1996,1,-5,-5,-5
1997,1,1,1,1
1998,1,-5,-5,-5
1999,1,4,2,1
2000,1,4,-5,-5
2001,1,1,1,-5
2002,1,1,1,1
2003,1,-5,-5,-5
2004,1,1,1,1
2005,1,1,1,1
2006,1,1,1,1
2007,1,1,-5,-5
2008,1,-5,1,1
2009,1,1,1,3
2010,1,2,1,1
2011,1,1,1,-5
2012,1,1,1,2
2013,1,-5,-5,-5
2014,1,1,1,1
2015,1,1,1,1
2016,1,1,1,1
2017,1,1,1,1
2018,1,1,3,1
2019,1,4,1,1
2020,1,1,1,1
2021,1,1,1,1
2022,1,1,1,1
2023,1,1,-5,-5
2024,1,-5,1,1
2025,1,1,-5,-5
2026,1,1,1,1
2027,1,1,-5,-5
2028,1,-5,-5,-5
2029,1,1,1,1
2030,1,1,1,1
2031,1,1,1,1
2032,1,1,-5,-5
2033,1,1,-5,-5
2034,2,-5,3,1
2035,2,-5,1,1
2036,2,1,1,1
2037,2,-5,-5,-5
2038,2,-5,-5,-5
2039,2,1,1,1
2040,2,3,1,2
2041,1,1,1,1
2042,1,1,1,1
2043,1,1,-5,-5
2044,2,3,-5,1
2045,1,-5,4,1
2046,1,1,1,1
2047,1,1,1,1
2048,1,1,1,1
2049,1,1,1,1
2050,1,3,1,1
2051,1,1,-5,-5
2052,1,1,1,2
2053,1,1,-5,1
2054,1,-5,4,1
2055,1,1,1,1
2056,1,4,1,1
2057,1,-5,1,-5
2058,1,1,1,1
2059,1,1,1,1
2060,1,1,1,-5
2061,1,1,1,1
2062,1,1,3,1
2063,1,8,1,1
2064,1,1,1,1
2065,1,1,1,1
2066,1,1,1,1
2067,1,1,1,1
2068,1,1,1,1
2069,1,1,-5,-5
2070,1,1,1,1
2071,1,2,-5,-5
2072,1,1,1,1
2073,1,-5,1,1
2074,1,1,1,1
2075,1,1,1,1
2076,1,1,1,1
2077,1,1,1,1
2078,1,4,1,1
2079,1,-5,-5,-5
2080,1,3,1,-5
2081,1,-5,-5,-5
2082,1,1,1,3
2083,1,1,2,1
2084,1,1,1,1
2085,1,-5,1,-5
2086,1,-5,-5,-5
2087,1,1,1,1
2088,1,1,1,1
2089,1,1,1,1
2090,1,1,1,1
2091,1,1,1,1
2092,1,1,1,1
2093,1,1,1,2
2094,1,-5,-5,-5
2095,1,1,1,1
2096,1,1,1,1
2097,1,1,1,-5
2098,1,3,1,1
2099,1,-5,1,1
2100,1,1,1,1
2101,1,1,1,1
2102,1,1,1,1
2103,1,1,-5,-5
2104,1,1,-5,-5
2105,1,1,1,1
2106,1,1,-5,-5
2107,1,-5,-5,-5
2108,1,-5,-5,-5
2109,1,4,1,1
2110,1,1,-5,-5
2111,1,1,1,1
2112,1,1,-5,-5
2113,1,4,1,1
2114,1,4,1,1
2115,1,1,1,1
2116,1,1,1,1
2117,1,-5,1,1
2118,1,1,-5,-5
2119,1,1,-5,-5
2120,1,1,-5,-5
2121,1,8,1,1
2122,1,1,1,1
2123,1,1,1,2
2124,1,-5,-5,-5
2125,1,1,6,-5
2126,1,4,1,1
2127,1,1,1,1
2128,1,1,1,2
2129,1,1,1,1
2130,1,-5,-5,-5
2131,1,1,1,1
2132,1,1,1,-5
2133,1,3,1,1
2134,1,1,1,1
2135,1,1,1,1
2136,1,1,1,1
2137,1,1,1,1
2138,1,1,-5,-5
2139,1,-5,-5,-5
2140,1,1,1,1
2141,1,1,1,1
2142,1,1,-5,-5
2143,1,1,1,1
2144,1,-5,1,2
2145,1,-5,1,1
2146,1,-5,1,1
2147,1,1,1,1
2148,1,4,1,1
2149,1,1,1,1
2150,1,1,1,1
2151,1,1,1,1
2152,1,-5,-5,-5
2153,1,-5,-5,-5
2154,1,1,1,1
2155,1,1,1,1
2156,1,1,2,-5
2157,1,1,1,1
2158,1,1,1,1
2159,1,1,1,1
2160,1,1,1,3
2161,1,1,1,1
2162,1,1,-5,1
2163,1,1,1,3
2164,1,4,-5,-5
2165,1,4,1,1
2166,1,1,1,3
2167,1,1,1,1
2168,1,-5,-5,-5
2169,1,4,1,1
2170,1,1,1,1
2171,1,-5,-5,-5
2172,1,1,1,1
2173,1,3,1,1
2174,1,1,1,1
2175,2,1,1,1
2176,1,1,1,1
2177,1,-5,1,1
2178,1,1,1,1
2179,1,1,1,1
2180,2,1,8,1
2181,1,4,1,1
2182,1,8,-5,-5
2183,1,1,1,1
2184,1,1,-5,-5
2185,1,2,1,1
2186,1,1,1,1
2187,1,1,1,1
2188,1,4,1,1
2189,1,1,1,1
2190,1,1,1,1
2191,1,-5,-5,-5
2192,1,-5,1,1
2193,1,1,-5,-5
2194,1,1,1,1
2195,1,-5,1,1
2196,1,1,1,1
2197,1,1,1,-5
2198,1,1,1,1
2199,1,1,1,1
2200,1,-5,-5,-5
2201,1,1,-5,1
2202,1,-5,1,3
2203,1,1,2,-5
2204,1,-5,-5,-5
2205,1,-5,-5,-5
2206,1,1,-5,-5
2207,1,1,-5,-5
2208,2,1,1,2
2209,2,8,1,3
2210,2,-5,-5,-5
2211,2,1,2,2
2212,2,4,1,1
2213,1,-5,3,-5
2214,1,1,-5,-5
2215,1,1,1,1
2216,1,1,1,3
2217,1,1,-5,1
2218,1,1,1,1
2219,1,-5,1,1
2220,2,-5,-5,-5
2221,2,-5,-5,-5
2222,2,4,3,8
2223,2,2,1,2
2224,1,4,4,1
2225,1,1,1,1
2226,1,1,1,1
2227,1,3,1,1
2228,1,4,1,1
2229,1,1,4,-5
2230,1,1,1,1
2231,1,1,3,2
2232,1,1,1,1
2233,1,4,1,1
2234,1,3,1,1
2235,1,1,1,1
2236,1,1,1,1
2237,1,1,1,1
2238,1,-5,1,2
2239,1,1,1,-5
2240,1,1,1,1
2241,1,2,1,1
2242,1,-5,-5,-5
2243,1,-5,-5,-5
2244,1,1,1,1
2245,1,1,1,1
2246,1,1,2,1
2247,1,1,1,1
2248,1,-5,-5,-5
2249,1,-5,-5,1
2250,1,1,1,1
2251,1,-5,1,-5
2252,1,-5,-5,-5
2253,1,-5,-5,-5
2254,1,1,1,1
2255,1,1,1,-5
2256,1,-5,1,1
2257,1,-5,1,1
2258,1,1,-5,-5
2259,1,3,-5,-5
2260,1,1,1,1
2261,1,1,1,1
2262,1,1,-5,-5
2263,1,1,1,3
2264,1,1,1,1
2265,1,1,1,1
2266,1,-5,1,1
2267,1,4,1,-5
2268,1,1,1,1
2269,1,1,3,1
2270,1,3,1,-5
2271,1,1,1,2
2272,1,1,1,1
2273,1,1,1,1
2274,1,1,1,2
2275,1,-5,1,1
2276,1,3,1,1
2277,1,1,1,1
2278,1,1,1,-5
2279,1,1,1,1
2280,1,1,1,1
2281,1,1,-5,1
2282,1,1,1,1
2283,1,1,1,1
2284,1,1,1,1
2285,1,1,1,1
2286,1,1,1,-5
2287,3,-5,2,4
2288,1,1,1,3
2289,1,1,1,1
2290,1,-5,-5,-5
2291,1,1,-5,-5
2292,1,1,1,1
2293,1,1,1,1
2294,1,1,1,1
2295,1,1,-5,-5
2296,1,1,1,1
2297,1,1,1,1
2298,1,1,-5,-5
2299,1,1,1,1
2300,1,-5,1,1
2301,1,1,1,1
2302,1,1,1,1
2303,1,-5,1,1
2304,1,1,1,1
2305,1,1,1,1
2306,1,1,1,2
2307,1,1,1,1
2308,1,1,1,1
2309,1,1,2,1
2310,1,1,1,1
2311,1,-5,-5,1
2312,1,-5,-5,1
2313,1,1,1,1
2314,1,1,1,1
2315,1,-5,1,-5
2316,1,1,1,1
2317,1,1,1,1
2318,1,1,1,1
2319,1,1,1,1
2320,1,-5,-5,1
2321,1,-5,-5,1
2322,1,1,2,1
2323,1,3,1,1
2324,1,1,1,1
2325,1,1,1,1
2326,1,3,1,-5
2327,1,-5,1,1
2328,1,-5,1,1
2329,1,1,1,1
2330,1,1,1,1
2331,1,1,1,1
2332,1,-5,-5,-5
2333,1,1,1,-5
2334,1,1,-5,-5
2335,1,-5,-5,-5
2336,1,1,1,1
2337,1,1,3,1
2338,1,1,1,1
2339,1,1,1,1
2340,1,1,1,1
2341,1,1,-5,-5
2342,1,8,1,2
2343,1,1,1,1
2344,1,-5,-5,-5
2345,1,1,1,1
2346,1,1,1,1
2347,1,-5,1,1
2348,1,1,1,1
2349,1,1,1,1
2350,1,1,1,1
2351,1,1,1,1
2352,1,1,1,1
2353,1,1,1,1
2354,1,1,1,1
2355,1,-5,4,1
2356,1,-5,1,1
2357,1,-5,-5,-5
2358,1,1,1,1
2359,1,1,-5,-5
2360,1,1,1,1
2361,1,1,1,1
2362,1,1,1,1
2363,1,1,8,1
2364,1,1,-5,1
2365,1,8,-5,1
2366,1,-5,1,1
2367,1,1,-5,1
2368,1,1,1,1
2369,1,1,1,1
2370,1,1,1,1
2371,1,1,1,8
2372,1,1,1,1
2373,1,1,1,1
2374,1,1,1,1
2375,1,1,1,1
2376,1,-5,-5,-5
2377,1,1,1,1
2378,1,1,1,1
2379,1,4,1,-5
2380,1,1,-5,-5
2381,1,1,1,1
2382,1,1,1,1
2383,1,1,1,1
2384,1,1,-5,-5
2385,1,-5,-5,-5
2386,1,1,-5,-5
2387,1,1,1,-5
2388,1,1,2,-5
2389,2,1,-5,-5
2390,2,1,3,1
2391,2,8,1,1
2392,1,1,1,1
2393,2,6,1,1
2394,2,-5,-5,-5
2395,1,1,-5,-5
2396,1,1,2,1
2397,1,1,-5,-5
2398,1,1,1,1
2399,1,4,1,1
2400,1,-5,-5,-5
2401,2,1,1,1
2402,1,1,1,1
2403,1,1,-5,-5
2404,1,-5,1,1
2405,1,-5,-5,-5
2406,1,1,1,-5
2407,1,-5,-5,-5
2408,2,1,1,1
2409,1,1,1,1
2410,1,8,1,1
2411,1,1,1,-5
2412,2,-5,3,-5
2413,2,-5,1,-5
2414,2,6,6,-5
2415,2,3,1,1
2416,2,3,-5,-5
2417,1,1,1,1
2418,1,1,1,1
2419,1,1,1,-5
2420,2,-5,-5,-5
2421,2,1,-5,-5
2422,2,1,1,1
2423,2,-5,-5,-5
2424,1,1,3,-5
2425,1,1,1,1
2426,1,-5,1,1
2427,1,-5,1,1
2428,1,1,1,-5
2429,1,1,1,1
2430,2,-5,-5,1
2431,2,1,1,1
2432,1,1,1,1
2433,1,2,1,1
2434,1,1,-5,-5
2435,1,1,1,1
2436,1,1,1,1
2437,1,1,1,1
2438,1,1,1,1
2439,1,4,1,1
2440,1,1,1,1
2441,1,1,1,1
2442,1,1,1,1
2443,1,1,-5,-5
2444,1,1,1,1
2445,1,1,1,1
2446,1,1,1,1
2447,1,-5,-5,1
2448,1,-5,-5,-5
2449,2,-5,-5,-5
2450,2,1,1,1
2451,1,3,1,1
2452,2,1,-5,-5
2453,2,-5,-5,-5
2454,2,-5,-5,-5
2455,2,3,-5,-5
2456,2,1,-5,-5
2457,2,1,2,1
2458,2,1,1,1
2459,2,3,-5,-5
2460,1,1,1,1
2461,1,1,1,1
2462,2,1,1,1
2463,2,-5,1,1
2464,2,1,8,-5
2465,2,1,-5,1
2466,2,1,8,1
2467,1,4,1,1
2468,1,4,1,4
2469,2,-5,-5,-5
2470,2,1,1,-5
2471,2,1,-5,1
2472,2,-5,-5,-5
2473,2,3,3,1
2474,2,-5,3,3
2475,2,1,1,-5
2476,2,-5,-5,-5
2477,2,1,1,1
2478,2,1,1,1
2479,2,1,1,1
2480,2,1,1,1
2481,2,-5,3,-5
2482,2,-5,-5,-5
2483,1,1,1,-5
2484,2,1,-5,-5
2485,2,1,1,1
2486,2,1,1,1
2487,2,1,1,1
2488,2,1,1,1
2489,1,-5,1,1
2490,1,-5,-5,-5
2491,1,1,1,-5
2492,1,1,2,1
2493,1,1,1,3
2494,2,-5,-5,-5
2495,2,3,-5,-5
2496,2,1,-5,-5
2497,2,1,3,-5
2498,2,1,-5,-5
2499,2,1,1,1
2500,2,3,1,8
2501,2,1,1,1
2502,2,3,1,3
2503,2,1,3,-5
2504,1,2,1,1
2505,2,-5,1,1
2506,2,1,1,1
2507,2,1,1,-5
2508,2,-5,-5,1
2509,2,1,1,3
2510,1,1,1,2
2511,2,1,1,1
2512,2,1,1,1
2513,2,1,1,1
2514,2,-5,1,1
2515,2,1,1,1
2516,2,1,1,1
2517,2,3,1,1
2518,2,1,2,1
2519,2,1,8,-5
2520,1,1,1,1
2521,1,-5,-5,-5
2522,1,8,1,1
2523,1,1,1,1
2524,1,1,1,1
2525,1,-5,-5,-5
2526,1,1,1,1
2527,1,1,1,1
2528,1,1,1,1
2529,1,1,4,1
2530,2,-5,-5,-5
2531,2,1,1,1
2532,2,-5,1,-5
2533,2,-5,1,1
2534,2,1,1,1
2535,2,-5,-5,-5
2536,2,1,1,1
2537,2,1,3,3
2538,2,1,1,1
2539,2,-5,-5,-5
2540,1,1,1,1
2541,1,1,8,1
2542,1,1,1,1
2543,1,1,1,1
2544,1,4,1,1
2545,1,1,1,1
2546,1,1,1,1
2547,1,1,-5,-5
2548,1,1,1,-5
2549,1,1,1,1
2550,2,1,-5,1
2551,2,-5,-5,-5
2552,2,1,1,1
2553,2,-5,-5,-5
2554,2,1,1,-5
2555,2,-5,-5,-5
2556,2,-5,-5,-5
2557,2,1,3,1
2558,1,1,1,1
2559,1,4,1,-5
2560,2,1,-5,-5
2561,1,1,1,1
2562,1,1,1,-5
2563,2,4,1,3
2564,2,1,1,-5
2565,2,3,3,1
2566,2,-5,-5,-5
2567,2,-5,-5,-5
2568,2,1,-5,3
2569,1,1,-5,-5
2570,1,1,1,1
2571,2,8,8,-5
2572,1,1,1,1
2573,2,-5,-5,-5
2574,2,-5,1,1
2575,2,-5,1,1
2576,2,-5,1,1
2577,2,-5,-5,-5
2578,2,-5,1,-5
2579,1,1,1,1
2580,1,1,1,1
2581,1,1,1,1
2582,1,-5,1,1
2583,1,1,1,1
2584,1,1,1,1
2585,1,1,3,8
2586,1,1,1,1
2587,1,1,1,-5
2588,1,1,-5,-5
2589,2,1,1,1
2590,2,-5,-5,-5
2591,1,1,1,-5
2592,1,1,-5,-5
2593,1,1,1,1
2594,1,1,1,1
2595,2,-5,1,1
2596,1,3,1,1
2597,1,3,1,-5
2598,1,-5,-5,-5
2599,2,1,8,1
2600,2,1,1,1
2601,2,-5,-5,-5
2602,2,1,1,1
2603,1,1,1,1
2604,2,2,1,-5
2605,2,8,1,1
2606,2,2,1,1
2607,2,3,1,1
2608,2,1,1,1
2609,1,1,-5,-5
2610,1,1,1,1
2611,1,2,1,1
2612,1,1,1,1
2613,2,1,2,-5
2614,1,1,-5,-5
2615,1,-5,-5,-5
2616,1,1,-5,1
2617,1,-5,-5,-5
2618,1,1,1,1
2619,1,1,1,1
2620,2,1,1,-5
2621,2,1,1,1
2622,2,1,3,1
2623,2,8,-5,-5
2624,2,-5,-5,-5
2625,2,1,-5,1
2626,2,-5,1,-5
2627,2,1,1,1
2628,1,1,1,1
2629,1,-5,1,1
2630,1,1,8,8
2631,1,1,6,8
2632,1,1,1,1
2633,2,1,1,1
2634,1,3,1,-5
2635,2,-5,-5,-5
2636,1,1,1,1
2637,1,4,1,1
2638,1,1,1,1
2639,1,1,1,1
2640,1,1,1,-5
2641,1,-5,-5,-5
2642,1,3,1,1
2643,2,-5,-5,-5
2644,2,-5,-5,-5
2645,1,1,1,1
2646,1,4,1,1
2647,1,-5,-5,-5
2648,1,1,-5,-5
2649,1,8,1,1
2650,2,-5,-5,1
2651,1,-5,-5,-5
2652,2,1,1,1
2653,2,8,-5,-5
2654,2,-5,-5,-5
2655,2,1,-5,3
2656,2,-5,-5,-5
2657,1,1,3,1
2658,1,-5,-5,-5
2659,1,8,2,4
2660,1,-5,-5,-5
2661,2,1,1,-5
2662,2,-5,-5,-5
2663,2,1,-5,-5
2664,1,-5,-5,-5
2665,1,1,3,-5
2666,1,-5,1,-5
2667,1,1,2,1
2668,1,1,1,1
2669,1,1,1,1
2670,1,1,1,1
2671,1,3,2,2
2672,1,1,1,1
2673,1,1,1,1
2674,1,1,1,1
2675,2,1,1,1
2676,2,-5,-5,3
2677,2,-5,1,1
2678,2,1,1,1
2679,2,1,1,1
2680,2,2,-5,-5
2681,2,3,-5,-5
2682,2,1,1,-5
2683,2,1,1,1
2684,2,-5,-5,-5
2685,1,1,1,-5
2686,1,1,1,1
2687,2,1,1,-5
2688,2,1,-5,-5
2689,2,-5,1,2
2690,2,2,1,-5
2691,1,1,1,-5
2692,1,2,1,1
2693,3,1,-5,-5
2694,2,1,-5,1
2695,2,1,1,1
2696,2,-5,-5,-5
2697,2,8,3,3
2698,2,-5,1,1
2699,2,-5,-5,-5
2700,2,-5,-5,-5
2701,2,1,-5,1
2702,2,1,1,1
2703,1,-5,-5,-5
2704,2,-5,-5,-5
2705,2,1,-5,1
2706,2,3,-5,-5
2707,2,1,2,1
2708,2,1,1,1
2709,2,1,-5,-5
2710,2,1,1,1
2711,2,-5,-5,-5
2712,2,1,1,1
2713,2,1,1,-5
2714,2,-5,-5,-5
2715,2,-5,-5,-5
2716,2,-5,-5,-5
2717,2,-5,-5,1
2718,2,1,-5,-5
2719,2,-5,8,8
2720,2,-5,-5,-5
2721,2,1,1,-5
2722,2,-5,1,-5
2723,2,-5,1,-5
2724,2,1,-5,1
2725,2,1,6,8
2726,2,1,-5,-5
2727,2,1,-5,-5
2728,1,3,1,1
2729,1,4,1,1
2730,2,4,1,1
2731,2,1,1,1
2732,2,1,1,2
2733,1,1,1,1
2734,1,4,1,1
2735,1,1,1,1
2736,2,1,1,1
2737,2,1,1,1
2738,1,1,3,1
2739,1,1,1,1
2740,1,3,1,1
2741,1,2,1,-5
2742,1,1,1,2
2743,1,1,1,1
2744,1,1,1,1
2745,2,1,1,1
2746,2,-5,-5,3
2747,2,-5,1,-5
2748,2,1,3,1
2749,2,3,1,1
2750,2,1,1,1
2751,1,1,1,1
2752,2,1,-5,4
2753,1,1,1,1
2754,1,-5,1,-5
2755,1,1,1,1
2756,1,1,1,1
2757,1,1,1,1
2758,1,-5,-5,-5
2759,1,1,-5,-5
2760,1,-5,-5,-5
2761,1,-5,1,1
2762,1,1,1,1
2763,1,-5,1,1
2764,1,1,1,1
2765,1,-5,4,-5
2766,1,-5,-5,2
2767,1,1,-5,-5
2768,1,4,1,1
2769,1,1,1,1
2770,1,3,1,1
2771,1,-5,-5,1
2772,1,1,1,1
2773,1,-5,-5,-5
2774,1,4,-5,-5
2775,1,1,1,1
2776,1,1,1,1
2777,1,-5,-5,-5
2778,1,1,-5,1
2779,2,1,-5,-5
2780,1,-5,1,1
2781,1,-5,-5,-5
2782,2,4,1,1
2783,2,4,1,-5
2784,1,1,3,-5
2785,1,1,1,-5
2786,2,-5,-5,-5
2787,2,-5,1,1
2788,2,1,-5,1
2789,2,1,6,8
2790,2,1,1,1
2791,1,-5,1,1
2792,2,3,1,1
2793,1,8,1,3
2794,1,-5,1,1
2795,1,-5,-5,-5
2796,1,-5,1,1
2797,1,1,-5,-5
2798,2,1,1,1
2799,1,3,1,-5
2800,1,1,-5,-5
2801,1,1,-5,-5
2802,1,1,-5,-5
2803,1,1,1,1
2804,1,1,1,2
2805,2,1,1,2
2806,2,1,1,2
2807,2,-5,-5,-5
2808,2,3,-5,-5
2809,2,-5,3,-5
2810,2,1,1,-5
2811,2,3,3,-5
2812,1,1,-5,-5
2813,1,1,1,1
2814,1,-5,-5,-5
2815,1,1,1,1
2816,1,1,1,1
2817,2,-5,-5,1
2818,2,-5,1,1
2819,1,1,1,1
2820,2,1,1,1
2821,1,8,1,1
2822,1,1,1,1
2823,1,1,1,1
2824,1,1,-5,-5
2825,1,-5,1,1
2826,1,-5,-5,-5
2827,1,3,1,1
2828,1,1,1,2
2829,1,2,1,1
2830,1,1,1,1
2831,1,1,1,1
2832,1,-5,1,1
2833,1,1,1,1
2834,1,6,8,8
2835,1,1,1,1
2836,1,-5,1,1
2837,1,1,-5,-5
2838,1,-5,-5,-5
2839,1,1,1,1
2840,1,-5,1,1
2841,1,1,2,3
2842,1,-5,-5,-5
2843,1,8,1,1
2844,2,1,3,1
2845,2,1,1,-5
2846,2,1,1,1
2847,2,4,2,1
2848,2,-5,-5,-5
2849,2,3,2,3
2850,2,-5,-5,-5
2851,2,-5,-5,8
2852,2,1,1,1
2853,2,2,1,1
2854,1,2,1,1
2855,1,2,1,2
2856,1,-5,-5,-5
2857,1,4,1,1
2858,2,-5,-5,-5
2859,2,1,1,1
2860,2,1,3,1
2861,2,1,1,-5
2862,2,-5,1,1
2863,2,-5,1,1
2864,2,1,-5,1
2865,2,-5,-5,-5
2866,2,-5,-5,-5
2867,2,-5,-5,-5
2868,1,1,1,1
2869,2,-5,1,1
2870,2,-5,-5,-5
2871,1,1,1,1
2872,1,8,4,8
2873,1,1,1,1
2874,1,1,1,1
2875,1,1,1,-5
2876,2,-5,-5,-5
2877,2,1,1,-5
2878,2,-5,-5,-5
2879,2,-5,-5,-5
2880,2,-5,1,1
2881,2,1,-5,-5
2882,2,-5,1,1
2883,2,1,1,1
2884,2,3,1,-5
2885,1,1,1,1
2886,1,1,1,1
2887,2,-5,-5,-5
2888,2,1,1,1
2889,2,1,1,1
2890,2,1,1,1
2891,2,1,1,1
2892,1,1,1,1
2893,1,-5,-5,-5
2894,2,-5,-5,-5
2895,1,1,1,1
2896,2,-5,-5,-5
2897,1,1,1,1
2898,1,-5,-5,-5
2899,1,-5,-5,-5
2900,1,-5,-5,-5
2901,1,1,1,1
2902,2,1,-5,1
2903,1,1,1,1
2904,1,-5,-5,-5
2905,2,1,1,1
2906,2,1,3,1
2907,2,1,3,1
2908,2,-5,1,1
2909,2,1,1,1
2910,2,-5,1,3
2911,2,1,1,3
2912,2,-5,1,-5
2913,1,-5,1,1
2914,1,3,-5,-5
2915,1,3,-5,-5
2916,1,1,1,1
2917,1,1,2,1
2918,1,8,1,1
2919,1,-5,4,1
2920,1,-5,-5,-5
2921,1,1,1,-5
2922,2,-5,1,-5
2923,1,4,4,4
2924,1,4,4,3
2925,1,1,1,1
2926,1,1,1,1
2927,1,1,2,1
2928,1,1,1,2
2929,1,1,4,1
2930,1,4,1,1
2931,1,1,1,1
2932,1,1,1,1
2933,1,8,-5,-5
2934,2,-5,-5,-5
2935,2,3,-5,-5
2936,2,4,1,1
2937,2,3,1,1
2938,2,6,-5,-5
2939,2,2,1,1
2940,2,1,-5,-5
2941,2,-5,-5,-5
2942,2,1,1,1
2943,2,1,1,1
2944,2,-5,-5,-5
2945,1,1,1,1
2946,1,1,1,1
2947,1,1,1,1
2948,1,2,1,1
2949,1,-5,-5,-5
2950,1,4,1,3
2951,1,1,1,1
2952,1,1,-5,-5
2953,1,1,1,1
2954,1,2,1,2
2955,1,-5,-5,-5
2956,1,1,1,1
2957,1,1,1,1
2958,1,4,1,1
2959,1,4,4,-5
2960,1,-5,1,-5
2961,1,1,1,1
2962,1,1,1,1
2963,1,1,1,1
2964,1,1,1,1
2965,1,1,1,-5
2966,1,1,1,1
2967,1,1,1,1
2968,1,-5,1,1
2969,1,1,-5,-5
2970,1,-5,-5,-5
2971,1,1,1,1
2972,1,6,1,2
2973,1,1,8,6
2974,1,1,1,1
2975,1,1,1,1
2976,1,1,1,1
2977,1,-5,-5,-5
2978,1,1,1,1
2979,1,1,1,1
2980,1,4,1,1
2981,1,1,1,1
2982,1,1,2,1
2983,1,1,1,1
2984,1,1,1,1
2985,1,1,1,1
2986,1,1,1,1
2987,1,1,1,1
2988,1,1,1,1
2989,1,2,1,1
2990,1,1,1,-5
2991,1,-5,1,1
2992,1,1,1,1
2993,1,1,1,1
2994,1,-5,-5,-5
2995,1,-5,-5,-5
2996,1,1,1,1
2997,1,-5,-5,-5
2998,2,1,1,1
2999,2,1,1,1
3000,2,1,8,-5
3001,2,-5,1,1
3002,2,1,1,1
3003,1,1,-5,-5
3004,1,1,1,1
3005,1,-5,-5,-5
3006,1,1,-5,-5
3007,1,1,-5,-5
3008,1,1,1,1
3009,1,-5,-5,-5
3010,1,1,-5,-5
3011,1,-5,-5,-5
3012,1,4,1,1
3013,1,1,1,1
3014,1,1,-5,1
3015,1,1,1,1
3016,1,1,-5,-5
3017,1,-5,-5,-5
3018,1,1,1,-5
3019,1,1,4,-5
3020,1,-5,1,-5
3021,1,1,1,-5
3022,1,1,1,1
3023,1,1,1,1
3024,1,6,-5,-5
3025,2,1,1,1
3026,2,1,-5,-5
3027,2,-5,3,3
3028,2,1,-5,-5
3029,2,1,1,1
3030,2,1,1,1
3031,2,1,-5,1
3032,2,1,1,1
3033,2,1,1,1
3034,2,1,1,1
3035,1,1,-5,-5
3036,1,-5,1,1
3037,1,1,1,1
3038,2,1,1,1
3039,2,1,1,1
3040,1,1,1,2
3041,1,1,1,1
3042,1,1,1,1
3043,2,-5,1,-5
3044,2,1,1,-5
3045,2,-5,-5,-5
3046,2,-5,-5,-5
3047,2,1,1,1
3048,2,1,1,-5
3049,2,3,1,-5
3050,2,1,1,8
3051,2,1,-5,-5
3052,2,8,1,1
3053,2,-5,-5,-5
3054,2,1,1,1
3055,2,-5,-5,-5
3056,2,4,1,1
3057,2,1,-5,-5
3058,2,-5,-5,-5
3059,1,-5,1,3
3060,2,1,2,3
3061,1,1,1,1
3062,1,-5,1,1
3063,1,4,1,1
3064,2,1,1,1
3065,2,1,1,1
3066,2,1,1,1
3067,2,1,1,1
3068,2,1,-5,1
3069,2,3,-5,-5
3070,2,-5,-5,-5
3071,2,1,3,1
3072,2,1,1,1
3073,1,1,-5,-5
3074,1,3,1,1
3075,1,1,1,1
3076,1,1,-5,-5
3077,1,1,1,1
3078,1,-5,1,1
3079,2,1,1,3
3080,2,-5,-5,-5
3081,1,1,8,1
3082,2,1,1,1
3083,2,1,-5,-5
3084,1,1,1,1
3085,1,1,3,1
3086,1,1,1,1
3087,2,8,4,1
3088,1,1,1,1
3089,1,1,1,1
3090,2,3,1,1
3091,1,1,1,1
3092,1,-5,-5,-5
3093,1,3,1,1
3094,1,-5,-5,-5
3095,1,-5,-5,-5
3096,2,-5,-5,-5
3097,1,1,1,1
3098,1,1,1,-5
3099,1,1,1,1
3100,1,1,-5,-5
3101,1,-5,1,1
3102,2,1,8,1
3103,2,3,-5,-5
3104,1,1,1,1
3105,1,-5,-5,-5
3106,1,-5,-5,-5
3107,1,2,1,-5
3108,1,1,1,1
3109,2,1,1,3
3110,1,-5,1,1
3111,1,-5,1,1
3112,1,1,3,1
3113,1,6,6,6
3114,1,1,1,-5
3115,1,1,1,1
3116,1,3,2,1
3117,1,1,1,1
3118,1,1,1,1
3119,2,1,1,1
3120,2,1,1,3
3121,2,-5,-5,-5
3122,2,1,1,1
3123,2,-5,-5,1
3124,2,-5,-5,-5
3125,2,-5,-5,-5
3126,2,1,1,1
3127,2,-5,1,1
3128,2,1,1,2
3129,2,1,1,1
3130,1,1,1,-5
3131,1,-5,-5,-5
3132,2,1,1,2
3133,2,1,2,1
3134,1,1,1,1
3135,2,1,1,1
3136,1,1,3,-5
3137,2,1,1,1
3138,2,1,1,1
3139,1,1,1,1
3140,1,4,1,1
3141,2,-5,-5,-5
3142,2,1,1,1
3143,2,1,1,1
3144,2,1,1,1
3145,2,1,1,1
3146,2,-5,-5,-5
3147,2,-5,1,1
3148,2,3,-5,-5
3149,2,1,1,-5
3150,1,1,2,1
3151,2,1,3,-5
3152,2,1,1,1
3153,2,8,8,6
3154,2,1,1,1
3155,2,1,-5,-5
3156,2,-5,-5,-5
3157,1,1,1,1
3158,1,1,1,1
3159,1,1,1,1
3160,1,4,4,1
3161,1,-5,-5,-5
3162,1,4,-5,1
3163,1,-5,1,1
3164,1,1,1,1
3165,1,1,-5,-5
3166,1,1,1,-5
3167,1,8,-5,-5
3168,1,-5,3,1
3169,1,1,1,1
3170,1,-5,-5,-5
3171,2,1,1,1
3172,2,1,1,2
3173,2,1,1,1
3174,1,-5,-5,-5
3175,1,-5,-5,-5
3176,1,8,2,1
3177,1,1,1,1
3178,2,-5,-5,-5
3179,2,1,1,1
3180,2,-5,-5,3
3181,2,-5,-5,-5
3182,2,1,1,-5
3183,2,1,-5,-5
3184,2,-5,-5,-5
3185,2,3,1,-5
3186,1,1,1,1
3187,1,4,1,1
3188,1,1,1,1
3189,2,1,-5,-5
3190,2,-5,-5,-5
3191,1,1,1,1
3192,1,1,1,1
3193,2,8,-5,1
3194,1,1,-5,-5
3195,1,1,1,1
3196,1,1,1,1
3197,1,1,1,1
3198,1,1,1,1
3199,2,-5,1,1
3200,2,1,1,1
3201,2,-5,1,1
3202,2,1,1,1
3203,2,1,1,1
3204,1,-5,1,-5
3205,1,1,-5,-5
3206,1,1,1,2
3207,1,8,1,1
3208,1,1,-5,-5
3209,1,1,1,1
3210,1,8,1,1
3211,1,1,1,1
3212,1,2,1,1
3213,1,-5,1,1
3214,1,1,-5,-5
3215,2,1,-5,-5
3216,2,-5,1,1
3217,2,1,-5,-5
3218,2,-5,-5,-5
3219,1,1,1,-5
3220,1,1,1,1
3221,1,1,1,1
3222,1,-5,1,1
3223,1,-5,-5,-5
3224,1,1,1,1
3225,1,1,1,-5
3226,1,1,1,-5
3227,1,-5,1,1
3228,1,1,1,1
3229,1,1,1,1
3230,1,1,1,1
3231,2,-5,-5,-5
3232,2,1,1,1
3233,2,1,1,1
3234,2,8,1,1
3235,2,-5,3,2
3236,1,1,1,-5
3237,2,3,1,1
3238,2,1,1,1
3239,2,-5,-5,1
3240,2,1,-5,-5
3241,1,2,8,-5
3242,1,1,1,1
3243,1,1,-5,-5
3244,1,1,1,1
3245,1,1,1,1
3246,2,-5,-5,-5
3247,2,1,1,1
3248,2,1,1,1
3249,2,-5,-5,-5
3250,2,4,3,1
3251,2,-5,-5,-5
3252,2,4,1,1
3253,2,-5,-5,1
3254,1,-5,-5,-5
3255,1,-5,-5,-5
3256,2,1,1,3
3257,2,1,1,1
3258,2,-5,-5,-5
3259,2,1,-5,-5
3260,2,-5,3,3
3261,2,1,1,-5
3262,2,-5,1,1
3263,2,1,1,1
3264,1,1,1,1
3265,1,1,1,1
3266,1,1,1,1
3267,2,1,1,1
3268,2,3,1,1
3269,2,1,1,1
3270,1,-5,1,-5
3271,1,-5,-5,-5
3272,1,-5,1,1
3273,1,1,-5,-5
3274,2,1,1,1
3275,1,1,-5,-5
3276,1,-5,-5,1
3277,1,1,1,1
3278,2,1,1,2
3279,2,1,1,1
3280,1,1,1,1
3281,1,1,1,1
3282,1,1,1,-5
3283,1,1,1,1
3284,1,1,1,1
3285,1,1,-5,-5
3286,1,1,1,1
3287,1,1,1,1
3288,1,1,1,1
3289,1,1,1,1
3290,1,2,1,1
3291,2,8,1,-5
3292,1,1,1,1
3293,1,1,1,1
3294,1,-5,1,1
3295,1,-5,-5,-5
3296,1,-5,-5,-5
3297,1,1,1,-5
3298,1,1,1,1
3299,1,-5,-5,-5
3300,1,-5,-5,-5
3301,1,1,-5,2
3302,1,1,2,1
3303,2,-5,-5,-5
3304,2,-5,-5,-5
3305,2,1,1,-5
3306,2,1,-5,1
3307,2,1,-5,-5
3308,2,1,6,1
3309,2,1,-5,-5
3310,2,-5,3,1
3311,2,1,1,1
3312,1,1,6,1
3313,2,1,1,1
3314,2,1,4,1
3315,2,1,1,1
3316,2,1,3,1
3317,2,4,-5,3
3318,1,1,1,1
3319,1,1,1,1
3320,1,1,1,1
3321,1,-5,-5,-5
3322,1,1,1,1
3323,2,1,1,1
3324,2,-5,-5,1
3325,2,-5,-5,-5
3326,2,3,1,1
3327,2,8,1,1
3328,1,1,1,1
3329,1,-5,1,1
3330,2,1,1,3
3331,2,1,-5,-5
3332,2,3,6,-5
3333,2,1,1,1
3334,2,1,-5,-5
3335,2,4,-5,-5
3336,2,-5,-5,-5
3337,2,-5,-5,-5
3338,2,1,1,1
3339,2,4,3,1
3340,2,1,1,2
3341,1,1,1,1
3342,1,1,1,1
3343,1,1,1,1
3344,1,-5,-5,-5
3345,1,1,1,-5
3346,1,1,1,1
3347,1,1,1,1
3348,1,1,1,3
3349,1,1,1,1
3350,1,3,-5,3
3351,1,1,1,1
3352,1,-5,1,1
3353,1,-5,1,1
3354,1,1,1,1
3355,1,1,1,-5
3356,1,1,1,1
3357,1,1,1,1
3358,1,1,1,1
3359,1,3,3,3
3360,1,1,1,1
3361,1,1,1,1
3362,1,1,1,1
3363,1,1,2,1
3364,1,1,1,1
3365,2,1,1,-5
3366,2,1,8,3
3367,2,-5,1,1
3368,2,1,1,1
3369,2,1,1,1
3370,1,-5,1,1
3371,1,1,1,1
3372,1,4,-5,-5
3373,1,3,1,1
3374,2,1,1,1
3375,2,1,1,2
3376,1,1,3,3
3377,2,-5,-5,1
3378,2,2,1,2
3379,1,1,1,1
3380,1,1,-5,-5
3381,1,1,1,-5
3382,1,1,-5,-5
3383,1,3,8,-5
3384,1,1,1,1
3385,1,-5,-5,-5
3386,1,1,1,1
3387,2,-5,4,3
3388,1,1,1,1
3389,1,-5,1,-5
3390,1,-5,-5,-5
3391,1,3,1,1
3392,1,1,-5,-5
3393,1,1,-5,-5
3394,1,1,-5,1
3395,1,1,1,1
3396,1,1,1,1
3397,2,1,-5,-5
3398,2,-5,1,1
3399,1,1,-5,-5
3400,1,1,1,1
3401,1,-5,-5,-5
3402,1,-5,1,1
3403,1,1,1,1
3404,1,1,1,1
3405,2,1,-5,1
3406,2,-5,-5,-5
3407,2,1,3,-5
3408,2,-5,-5,-5
3409,2,3,-5,-5
3410,2,1,1,1
3411,2,8,1,1
3412,2,1,1,1
3413,2,1,1,1
3414,2,3,1,-5
3415,2,1,1,1
3416,1,-5,-5,-5
3417,2,-5,-5,1
3418,2,-5,-5,-5
3419,2,-5,-5,-5
3420,2,-5,6,6
3421,2,1,-5,-5
3422,2,1,-5,-5
3423,2,1,3,-5
3424,2,1,1,1
3425,2,2,-5,-5
3426,1,1,1,1
3427,1,1,1,1
3428,1,1,1,3
3429,1,1,1,1
3430,1,-5,-5,-5
3431,1,1,-5,-5
3432,1,-5,-5,-5
3433,1,1,1,1
3434,2,1,1,1
3435,2,-5,1,1
3436,2,1,-5,-5
3437,1,1,1,1
3438,1,1,1,1
3439,1,1,1,1
3440,1,1,1,1
3441,1,1,1,1
3442,1,1,1,1
3443,1,1,1,1
3444,1,1,1,-5
3445,2,-5,-5,-5
3446,2,1,-5,1
3447,2,-5,-5,-5
3448,2,-5,-5,-5
3449,2,-5,1,1
3450,2,-5,-5,-5
3451,2,1,1,1
3452,2,-5,-5,-5
3453,2,1,1,1
3454,2,1,-5,1
3455,2,-5,1,1
3456,2,-5,1,1
3457,2,-5,-5,-5
3458,2,1,1,1
3459,2,4,1,1
3460,2,1,-5,-5
3461,2,1,1,1
3462,2,1,1,1
3463,2,1,1,1
3464,2,1,1,-5
3465,2,1,1,1
3466,2,1,3,-5
3467,2,1,1,-5
3468,2,1,1,1
3469,2,1,-5,-5
3470,2,1,1,1
3471,2,1,1,-5
3472,1,2,1,1
3473,1,-5,-5,-5
3474,1,1,1,1
3475,1,1,1,1
3476,1,1,1,1
3477,2,1,1,-5
3478,1,1,1,1
3479,2,1,1,1
3480,1,1,1,1
3481,1,-5,-5,-5
3482,2,1,1,-5
3483,2,3,1,1
3484,2,1,1,1
3485,1,1,1,1
3486,2,1,1,1
3487,2,1,1,1
3488,2,1,1,1
3489,2,1,1,1
3490,1,1,1,1
3491,2,-5,1,1
3492,2,1,1,1
3493,2,-5,3,1
3494,2,1,1,-5
3495,2,-5,1,1
3496,2,3,1,1
3497,1,1,1,1
3498,1,1,1,1
3499,2,1,1,1
3500,2,4,1,1
3501,2,1,1,1
3502,2,1,3,1
3503,2,1,1,1
3504,1,1,1,1
3505,1,1,1,1
3506,1,-5,-5,-5
3507,1,1,-5,1
3508,2,1,8,2
3509,1,1,1,1
3510,1,-5,3,-5
3511,1,1,1,1
3512,1,-5,1,-5
3513,1,-5,1,-5
3514,1,1,1,1
3515,1,1,1,-5
3516,1,1,-5,-5
3517,1,-5,-5,-5
3518,1,1,-5,-5
3519,1,8,8,6
3520,1,2,3,1
3521,1,-5,1,1
3522,1,1,1,1
3523,1,3,2,1
3524,1,8,8,6
3525,1,-5,-5,-5
3526,1,1,1,1
3527,1,1,1,1
3528,1,1,1,1
3529,1,-5,-5,-5
3530,1,1,1,1
3531,1,1,1,1
3532,1,1,-5,1
3533,1,1,1,-5
3534,1,1,1,1
3535,1,1,1,1
3536,1,1,1,1
3537,1,1,1,1
3538,1,1,1,1
3539,2,1,4,1
3540,2,1,1,-5
3541,1,1,-5,-5
3542,1,2,1,1
3543,1,1,1,2
3544,1,1,1,-5
3545,1,3,1,-5
3546,1,1,-5,-5
3547,1,-5,-5,1
3548,2,8,6,6
3549,1,1,1,1
3550,1,1,1,1
3551,1,1,1,1
3552,1,6,6,6
3553,1,2,1,1
3554,1,1,3,-5
3555,1,-5,-5,-5
3556,1,3,1,1
3557,1,3,1,1
3558,1,3,1,1
3559,1,-5,-5,-5
3560,1,4,-5,-5
3561,1,1,1,2
3562,1,1,1,1
3563,1,-5,-5,-5
3564,1,1,1,1
3565,1,4,1,1
3566,1,4,1,1
3567,2,1,1,-5
3568,1,1,1,1
3569,1,1,1,1
3570,1,1,1,1
3571,1,1,1,1
3572,1,1,1,1
3573,1,-5,-5,-5
3574,1,1,1,1
3575,1,-5,-5,1
3576,1,-5,2,1
3577,1,1,-5,8
3578,1,2,8,1
3579,1,1,-5,-5
3580,1,1,1,1
3581,1,3,1,1
3582,1,4,1,1
3583,1,-5,-5,-5
3584,1,-5,-5,-5
3585,1,1,-5,-5
3586,1,1,1,1
3587,1,1,1,1
3588,1,1,1,1
3589,1,-5,1,1
3590,1,1,1,1
3591,1,2,-5,-5
3592,1,-5,-5,-5
3593,1,1,1,1
3594,1,-5,-5,-5
3595,1,3,3,-5
3596,1,1,1,1
3597,1,-5,1,1
3598,1,1,1,1
3599,1,1,1,1
3600,1,3,-5,-5
3601,1,1,-5,-5
3602,2,1,3,8
3603,1,1,1,1
3604,1,-5,-5,-5
3605,1,1,1,-5
3606,1,1,-5,-5
3607,1,1,1,1
3608,1,1,-5,-5
3609,2,1,1,2
3610,1,-5,-5,-5
3611,2,-5,-5,-5
3612,1,-5,-5,-5
3613,1,-5,-5,-5
3614,1,1,1,1
3615,1,1,1,1
3616,1,1,6,6
3617,1,-5,-5,-5
3618,1,1,-5,-5
3619,1,1,1,-5
3620,1,4,1,1
3621,2,1,1,1
3622,2,-5,-5,-5
3623,2,1,1,1
3624,2,1,2,-5
3625,2,8,1,-5
3626,1,1,1,1
3627,1,1,1,1
3628,1,1,1,1
3629,2,-5,-5,-5
3630,2,1,1,8
3631,2,-5,-5,-5
3632,1,2,2,1
3633,1,1,1,-5
3634,1,1,1,2
3635,2,1,-5,-5
3636,1,-5,1,1
3637,1,1,1,1
3638,2,3,1,6
3639,2,-5,-5,-5
3640,1,-5,-5,-5
3641,2,-5,-5,-5
3642,1,-5,-5,1
3643,1,-5,-5,-5
3644,3,1,1,1
3645,1,3,-5,-5
3646,1,1,1,1
3647,3,1,1,1
3648,3,1,-5,-5
3649,3,3,1,1
3650,1,1,1,1
3651,1,1,1,1
3652,1,-5,-5,-5
3653,1,1,1,3
3654,1,1,1,-5
3655,2,-5,-5,-5
3656,2,1,1,3
3657,1,1,1,1
3658,1,1,1,1
3659,1,-5,-5,-5
3660,1,-5,-5,-5
3661,1,-5,-5,-5
3662,1,4,-5,-5
3663,1,4,1,1
3664,1,1,-5,-5
3665,2,1,1,1
3666,2,1,1,-5
3667,2,3,3,-5
3668,2,-5,-5,-5
3669,1,1,2,1
3670,1,1,1,1
3671,1,-5,1,1
3672,1,1,1,1
3673,1,-5,2,1
3674,1,1,1,1
3675,1,1,1,1
3676,1,3,1,1
3677,1,-5,-5,-5
3678,1,2,1,1
3679,1,2,1,1
3680,1,3,1,1
3681,1,1,-5,-5
3682,1,1,1,1
3683,1,1,-5,-5
3684,1,-5,1,1
3685,1,1,1,1
3686,1,1,1,1
3687,2,-5,-5,-5
3688,2,-5,-5,-5
3689,2,3,-5,-5
3690,2,1,2,1
3691,2,1,-5,-5
3692,1,1,-5,-5
3693,1,1,-5,-5
3694,1,1,1,-5
3695,1,1,-5,-5
3696,1,1,-5,-5
3697,1,1,1,1
3698,2,-5,-5,-5
3699,2,-5,-5,-5
3700,2,-5,-5,-5
3701,2,-5,-5,-5
3702,1,-5,3,1
3703,2,-5,-5,-5
3704,2,-5,-5,-5
3705,2,1,-5,-5
3706,1,6,-5,-5
3707,1,1,1,1
3708,1,1,1,3
3709,1,1,1,1
3710,1,1,-5,-5
3711,2,-5,1,-5
3712,1,1,-5,-5
3713,1,1,1,-5
3714,1,1,-5,-5
3715,1,1,1,2
3716,1,4,1,1
3717,1,1,1,1
3718,1,1,1,1
3719,1,3,1,3
3720,1,-5,-5,-5
3721,1,-5,-5,-5
3722,1,1,1,1
3723,3,1,1,2
3724,1,-5,-5,-5
3725,1,-5,-5,-5
3726,2,1,1,-5
3727,2,1,1,1
3728,1,-5,1,1
3729,1,1,1,1
3730,1,1,1,1
3731,1,1,3,-5
3732,1,3,1,1
3733,1,1,1,1
3734,1,1,1,8
3735,1,1,1,-5
3736,2,-5,-5,-5
3737,1,-5,-5,-5
3738,3,-5,-5,-5
3739,1,4,6,1
3740,1,-5,8,-5
3741,1,-5,-5,-5
3742,1,1,-5,-5
3743,1,1,-5,-5
3744,1,1,1,1
3745,1,1,8,3
3746,1,1,1,2
3747,1,3,3,-5
3748,1,2,1,-5
3749,1,-5,-5,-5
3750,1,1,1,1
3751,1,1,-5,1
3752,1,1,1,1
3753,2,1,1,1
3754,1,-5,1,1
3755,1,3,-5,1
3756,1,1,1,1
3757,1,1,1,1
3758,1,1,1,1
3759,1,-5,-5,-5
3760,1,3,-5,-5
3761,1,1,-5,1
3762,1,1,1,1
3763,1,1,8,1
3764,1,1,1,1
3765,1,1,1,1
3766,1,1,1,1
3767,1,1,1,-5
3768,1,-5,8,3
3769,1,1,-5,1
3770,1,1,1,1
3771,2,1,1,-5
3772,1,-5,-5,-5
3773,1,1,1,1
3774,1,1,1,2
3775,1,4,1,1
3776,1,1,-5,-5
3777,1,1,1,1
3778,1,1,1,1
3779,1,1,1,1
3780,1,-5,4,1
3781,1,1,-5,3
3782,1,3,3,-5
3783,1,1,1,1
3784,1,1,1,3
3785,1,1,1,1
3786,1,1,1,1
3787,1,1,1,1
3788,1,1,1,1
3789,1,3,-5,-5
3790,1,-5,-5,-5
3791,1,1,1,1
3792,2,1,1,1
3793,2,1,1,1
3794,1,4,1,1
3795,1,1,1,1
3796,2,-5,-5,-5
3797,2,-5,-5,-5
3798,1,1,1,-5
3799,1,1,1,-5
3800,1,8,3,1
3801,1,3,-5,-5
3802,1,4,-5,1
3803,1,-5,-5,-5
3804,1,1,8,8
3805,1,-5,-5,-5
3806,1,1,1,1
3807,1,-5,-5,-5
3808,1,1,8,8
3809,1,1,1,1
3810,1,1,1,1
3811,1,-5,-5,-5
3812,1,-5,1,1
3813,1,-5,1,1
3814,1,-5,-5,-5
3815,1,1,1,1
3816,1,-5,1,1
3817,1,1,1,1
3818,1,-5,1,-5
3819,1,-5,-5,-5
3820,1,-5,-5,-5
3821,1,8,3,3
3822,1,1,1,1
3823,1,1,1,1
3824,1,1,1,1
3825,1,1,1,1
3826,1,-5,-5,-5
3827,1,1,-5,-5
3828,1,-5,2,-5
3829,1,1,4,1
3830,1,1,1,1
3831,1,1,1,1
3832,1,1,1,1
3833,1,4,-5,1
3834,1,-5,-5,-5
3835,1,-5,-5,-5
3836,1,1,1,1
3837,3,1,1,1
3838,1,4,-5,1
3839,1,-5,-5,-5
3840,1,-5,1,1
3841,1,1,1,1
3842,1,1,1,1
3843,1,1,1,1
3844,1,-5,-5,-5
3845,1,8,1,1
3846,1,1,1,1
3847,1,1,1,1
3848,1,8,6,6
3849,1,1,1,1
3850,1,-5,-5,-5
3851,1,-5,-5,-5
3852,1,1,1,1
3853,1,1,-5,-5
3854,1,1,3,3
3855,1,1,1,-5
3856,1,1,1,-5
3857,1,1,-5,-5
3858,1,1,3,-5
3859,1,1,1,1
3860,1,1,2,1
3861,1,4,-5,-5
3862,1,-5,-5,-5
3863,1,-5,1,-5
3864,1,1,-5,-5
3865,3,1,1,-5
3866,3,3,-5,-5
3867,3,4,1,1
3868,3,4,-5,1
3869,3,1,1,1
3870,3,1,1,1
3871,3,8,6,6
3872,3,-5,-5,-5
3873,3,-5,-5,-5
3874,3,1,1,8
3875,3,-5,-5,-5
3876,3,-5,-5,-5
3877,1,4,8,1
3878,3,-5,-5,-5
3879,1,1,1,2
3880,1,4,1,1
3881,1,1,-5,-5
3882,3,-5,-5,-5
3883,3,1,1,1
3884,1,1,1,1
3885,3,1,1,1
3886,3,1,-5,-5
3887,3,1,1,1
3888,1,1,1,1
3889,3,1,1,1
3890,3,1,1,1
3891,3,1,1,-5
3892,1,1,1,1
3893,1,-5,-5,-5
3894,1,1,-5,-5
3895,1,1,1,1
3896,1,-5,1,3
3897,1,1,1,2
3898,1,1,-5,-5
3899,1,1,1,1
3900,1,1,1,1
3901,1,1,1,1
3902,1,1,1,1
3903,1,1,1,-5
3904,1,3,-5,-5
3905,1,3,-5,-5
3906,1,1,1,1
3907,1,3,2,-5
3908,1,1,1,1
3909,1,3,-5,1
3910,1,-5,1,-5
3911,1,1,1,1
3912,1,-5,1,1
3913,1,1,-5,1
3914,1,1,1,-5
3915,1,1,1,1
3916,1,1,1,1
3917,1,1,1,-5
3918,1,1,1,1
3919,1,1,-5,-5
3920,1,-5,-5,-5
3921,1,1,-5,1
3922,1,1,1,1
3923,2,-5,-5,-5
3924,2,6,3,3
3925,1,-5,-5,-5
3926,1,1,1,1
3927,1,1,1,1
3928,1,1,1,1
3929,1,1,1,-5
3930,1,-5,-5,-5
3931,1,1,1,1
3932,1,1,1,1
3933,1,1,3,1
3934,1,1,3,1
3935,2,1,-5,-5
3936,2,-5,-5,-5
3937,1,1,1,1
3938,1,-5,-5,-5
3939,1,1,1,1
3940,1,-5,1,1
3941,1,1,1,-5
3942,1,1,-5,-5
3943,1,1,1,1
3944,1,-5,-5,-5
3945,1,3,1,1
3946,1,1,1,1
3947,1,3,-5,-5
3948,1,3,1,1
3949,1,1,-5,-5
3950,1,1,-5,-5
3951,1,-5,-5,-5
3952,1,1,1,1
3953,1,3,1,1
3954,1,1,1,8
3955,1,1,1,6
3956,1,-5,-5,-5
3957,1,1,1,1
3958,1,1,1,1
3959,1,-5,-5,-5
3960,1,3,-5,1
3961,1,1,1,1
3962,1,1,-5,-5
3963,1,1,1,1
3964,1,-5,-5,-5
3965,1,1,-5,-5
3966,1,-5,-5,1
3967,1,-5,1,1
3968,1,1,1,-5
3969,1,1,1,-5
3970,1,1,-5,-5
3971,1,3,-5,-5
3972,1,1,1,1
3973,1,1,1,-5
3974,1,1,1,1
3975,1,1,1,1
3976,1,-5,-5,-5
3977,1,-5,-5,-5
3978,1,1,1,1
3979,1,1,1,1
3980,1,1,1,1
3981,1,1,-5,-5
3982,1,-5,4,1
3983,1,1,1,1
3984,1,1,1,1
3985,1,1,-5,-5
3986,1,1,1,-5
3987,1,1,1,1
3988,1,1,1,1
3989,1,3,1,1
3990,1,1,1,1
3991,1,1,-5,-5
3992,1,1,1,1
3993,1,-5,1,-5
3994,1,1,1,1
3995,1,1,1,1
3996,1,-5,-5,-5
3997,1,1,1,1
3998,1,-5,1,1
3999,1,1,1,-5
4000,1,4,1,1
4001,1,1,1,1
4002,1,1,1,1
4003,1,1,-5,-5
4004,1,1,-5,1
4005,1,1,1,1
4006,1,-5,-5,-5
4007,1,1,1,1
4008,1,1,-5,-5
4009,1,1,-5,-5
4010,1,-5,-5,-5
4011,1,-5,-5,-5
4012,1,1,1,1
4013,1,1,1,1
4014,2,8,-5,-5
4015,2,1,1,1
4016,2,1,-5,1
4017,1,2,2,1
4018,1,1,3,-5
4019,1,8,1,1
4020,1,8,-5,-5
4021,1,1,1,1
4022,1,1,1,1
4023,2,-5,-5,-5
4024,1,-5,-5,-5
4025,1,1,1,1
4026,1,-5,-5,-5
4027,1,4,1,1
4028,1,1,1,1
4029,1,3,1,1
4030,1,-5,-5,1
4031,1,1,1,1
4032,1,1,-5,-5
4033,1,1,1,1
4034,1,1,1,1
4035,1,1,1,8
4036,1,4,1,1
4037,1,1,2,3
4038,1,4,-5,-5
4039,1,1,1,1
4040,1,4,1,1
4041,1,1,1,1
4042,1,1,2,1
4043,1,1,1,1
4044,1,1,2,1
4045,1,-5,-5,-5
4046,1,1,3,2
4047,1,1,1,1
4048,1,-5,2,1
4049,1,-5,-5,-5
4050,1,1,1,-5
4051,1,1,1,-5
4052,1,1,1,1
4053,1,1,1,1
4054,1,1,-5,-5
4055,3,3,-5,-5
4056,1,-5,-5,-5
4057,2,-5,-5,-5
4058,2,1,-5,-5
4059,2,-5,-5,-5
4060,1,1,-5,-5
4061,1,-5,1,1
4062,1,-5,-5,-5
4063,1,1,1,1
4064,1,-5,1,1
4065,1,1,1,1
4066,1,1,1,8
4067,1,1,1,1
4068,1,1,6,-5
4069,1,1,1,1
4070,1,-5,-5,1
4071,1,1,-5,-5
4072,1,-5,-5,1
4073,1,1,-5,-5
4074,1,1,1,1
4075,1,-5,-5,-5
4076,1,-5,-5,-5
4077,1,-5,-5,-5
4078,1,-5,1,1
4079,1,1,1,1
4080,1,1,2,1
4081,1,2,1,1
4082,1,1,1,1
4083,1,1,1,1
4084,1,1,1,1
4085,1,4,-5,-5
4086,1,1,4,1
4087,1,-5,1,3
4088,1,1,1,1
4089,1,-5,1,-5
4090,1,1,1,1
4091,1,1,1,1
4092,1,4,-5,1
4093,1,1,1,1
4094,1,1,1,1
4095,1,-5,1,1
4096,1,1,1,1
4097,1,1,1,1
4098,1,1,1,1
4099,1,1,1,1
4100,1,1,1,1
4101,1,-5,1,1
4102,1,-5,-5,-5
4103,2,1,-5,-5
4104,2,-5,-5,-5
4105,1,1,1,1
4106,2,-5,-5,-5
4107,1,-5,1,-5
4108,1,1,1,1
4109,1,1,1,1
4110,1,1,1,1
4111,1,4,1,1
4112,1,1,1,1
4113,1,1,-5,1
4114,1,1,1,1
4115,1,-5,-5,-5
4116,1,-5,2,1
4117,1,-5,-5,-5
4118,1,1,1,1
4119,1,4,1,3
4120,1,1,1,1
4121,1,1,4,1
4122,1,-5,-5,-5
4123,1,1,1,1
4124,1,1,1,1
4125,1,1,1,-5
4126,1,1,1,1
4127,1,2,1,1
4128,1,1,1,-5
4129,1,3,3,1
4130,1,-5,1,1
4131,1,1,1,1
4132,1,1,1,4
4133,1,1,1,1
4134,1,1,1,1
4135,1,1,2,1
4136,1,1,1,3
4137,1,4,1,1
4138,1,4,1,2
4139,1,-5,8,-5
4140,1,-5,-5,-5
4141,1,1,1,1
4142,1,1,1,1
4143,2,-5,-5,-5
4144,2,4,-5,-5
4145,2,3,-5,-5
4146,1,1,1,1
4147,1,1,-5,-5
4148,1,-5,1,2
4149,1,3,3,2
4150,1,-5,-5,-5
4151,1,1,-5,-5
4152,1,-5,-5,-5
4153,1,1,-5,-5
4154,1,1,8,3
4155,1,1,4,1
4156,1,4,1,1
4157,1,8,6,1
4158,1,3,-5,-5
4159,1,-5,-5,-5
4160,3,8,8,8
4161,1,1,-5,-5
4162,1,1,1,1
4163,1,1,1,1
4164,1,1,1,1
4165,1,1,1,3
4166,1,1,1,1
4167,1,1,1,1
4168,1,1,1,1
4169,1,1,1,1
4170,1,1,3,1
4171,1,1,1,3
4172,1,-5,-5,-5
4173,1,1,1,1
4174,1,3,-5,1
4175,1,1,1,-5
4176,1,-5,-5,-5
4177,1,1,1,-5
4178,3,-5,-5,-5
4179,3,-5,-5,-5
4180,1,1,1,2
4181,1,1,-5,1
4182,3,8,-5,-5
4183,3,1,1,-5
4184,1,1,1,1
4185,1,1,1,1
4186,1,1,1,1
4187,1,3,1,1
4188,1,-5,-5,-5
4189,1,1,1,2
4190,1,-5,4,1
4191,1,1,1,4
4192,1,-5,-5,-5
4193,3,1,1,1
4194,3,-5,-5,-5
4195,1,1,1,1
4196,1,-5,-5,-5
4197,1,1,1,1
4198,1,1,1,1
4199,1,-5,1,1
4200,1,1,4,1
4201,1,1,1,1
4202,1,-5,-5,-5
4203,3,1,1,-5
4204,3,-5,-5,-5
4205,1,1,1,-5
4206,1,2,-5,1
4207,1,1,1,1
4208,1,-5,-5,-5
4209,1,1,-5,-5
4210,1,-5,4,-5
4211,1,1,-5,-5
4212,1,-5,4,1
4213,1,3,1,1
4214,1,-5,1,1
4215,1,1,1,1
4216,1,1,1,1
4217,1,1,1,1
4218,1,1,1,1
4219,1,1,1,1
4220,1,-5,-5,-5
4221,1,4,1,1
4222,1,1,-5,-5
4223,1,-5,-5,-5
4224,1,-5,1,1
4225,1,4,1,1
4226,1,-5,-5,-5
4227,1,-5,-5,-5
4228,1,1,1,1
4229,1,1,1,-5
4230,1,-5,1,1
4231,1,1,-5,-5
4232,1,1,1,1
4233,1,1,1,1
4234,1,1,-5,3
4235,1,-5,-5,-5
4236,1,1,1,1
4237,1,1,-5,-5
4238,1,1,8,1
4239,1,8,1,1
4240,1,1,1,1
4241,1,1,1,1
4242,1,1,1,1
4243,1,1,1,1
4244,1,1,3,1
4245,1,4,4,1
4246,1,1,8,1
4247,1,1,1,1
4248,1,1,1,-5
4249,1,-5,1,1
4250,1,1,1,1
4251,1,1,1,1
4252,1,1,1,1
4253,1,3,-5,-5
4254,1,1,1,6
4255,1,1,1,1
4256,1,-5,1,1
4257,1,1,1,1
4258,1,1,1,3
4259,1,1,1,-5
4260,1,1,4,1
4261,1,1,1,1
4262,1,1,1,1
4263,1,1,1,1
4264,1,4,-5,-5
4265,1,1,1,-5
4266,1,1,-5,-5
4267,1,1,-5,-5
4268,1,4,1,1
4269,1,1,1,1
4270,1,1,1,1
4271,1,-5,-5,-5
4272,1,1,2,1
4273,1,-5,-5,-5
4274,1,1,1,1
4275,1,1,1,-5
4276,2,-5,1,1
4277,2,1,-5,-5
4278,2,1,1,1
4279,1,1,1,1
4280,1,1,1,1
4281,1,1,1,3
4282,1,-5,1,1
4283,1,8,1,1
4284,1,1,1,1
4285,2,-5,1,1
4286,2,1,1,1
4287,2,3,-5,-5
4288,2,1,1,1
4289,1,1,1,1
4290,1,1,1,1
4291,1,-5,-5,1
4292,1,-5,-5,1
4293,1,-5,-5,-5
4294,2,4,1,1
4295,2,1,1,1
4296,2,1,1,1
4297,2,1,1,1
4298,2,1,1,1
4299,2,1,-5,1
4300,2,-5,-5,-5
4301,2,-5,1,1
4302,1,1,2,1
4303,2,-5,-5,-5
4304,2,1,2,1
4305,2,1,1,1
4306,1,1,-5,1
4307,1,4,1,1
4308,1,1,1,1
4309,1,1,1,1
4310,1,1,1,1
4311,1,4,1,1
4312,1,1,1,2
4313,1,1,1,1
4314,1,-5,-5,-5
4315,1,-5,-5,-5
4316,1,-5,-5,-5
4317,1,3,1,1
4318,2,1,1,1
4319,1,4,1,1
4320,2,1,1,1
4321,2,-5,-5,-5
4322,2,1,1,1
4323,2,1,-5,-5
4324,2,1,1,1
4325,2,3,1,1
4326,2,1,1,1
4327,1,1,1,1
4328,1,1,1,1
4329,1,1,1,1
4330,1,1,1,-5
4331,1,-5,-5,-5
4332,1,1,-5,2
4333,1,1,1,8
4334,1,1,2,1
4335,1,1,1,1
4336,2,1,-5,-5
4337,2,1,1,1
4338,2,1,1,1
4339,2,1,-5,1
4340,2,-5,-5,-5
4341,2,-5,-5,-5
4342,2,-5,1,1
4343,2,8,1,2
4344,2,4,-5,1
4345,2,3,1,1
4346,2,-5,-5,-5
4347,1,1,1,1
4348,1,1,-5,-5
4349,2,1,1,1
4350,2,-5,-5,-5
4351,2,1,1,1
4352,2,-5,-5,-5
4353,2,-5,-5,-5
4354,2,1,-5,1
4355,2,1,2,1
4356,2,8,3,-5
4357,2,1,1,3
4358,2,1,1,1
4359,2,-5,1,1
4360,2,1,1,1
4361,2,1,1,1
4362,2,1,-5,-5
4363,2,1,-5,-5
4364,1,-5,1,2
4365,1,1,1,1
4366,1,1,3,1
4367,1,-5,-5,-5
4368,1,1,1,1
4369,1,1,-5,1
4370,2,1,1,1
4371,2,-5,-5,-5
4372,2,1,4,-5
4373,1,1,1,1
4374,1,1,1,1
4375,1,4,1,1
4376,1,4,1,1
4377,1,1,1,1
4378,1,1,1,1
4379,1,1,-5,1
4380,1,-5,4,1
4381,1,1,1,1
4382,1,-5,-5,-5
4383,1,1,1,1
4384,1,1,1,1
4385,1,1,1,1
4386,1,1,1,1
4387,1,1,1,1
4388,1,1,1,1
4389,1,-5,-5,-5
4390,1,-5,1,1
4391,1,1,1,1
4392,1,4,1,1
4393,1,-5,-5,-5
4394,1,-5,-5,-5
4395,1,1,-5,-5
4396,1,1,1,1
4397,1,1,1,1
4398,2,-5,1,1
4399,2,1,-5,-5
4400,2,3,1,1
4401,2,-5,1,1
4402,1,-5,-5,-5
4403,2,-5,-5,-5
4404,2,1,1,1
4405,2,1,1,3
4406,2,1,1,1
4407,2,1,1,1
4408,2,1,1,3
4409,2,1,1,1
4410,2,1,1,1
4411,1,1,1,1
4412,2,1,-5,1
4413,2,1,1,1
4414,2,-5,1,1
4415,1,1,1,1
4416,1,-5,-5,-5
4417,1,1,1,1
4418,1,1,1,1
4419,1,3,1,3
4420,2,-5,-5,-5
4421,2,1,1,1
4422,2,1,2,2
4423,2,3,1,1
4424,1,1,1,1
4425,1,1,2,1
4426,2,-5,-5,-5
4427,2,1,3,1
4428,2,1,1,1
4429,2,1,1,4
4430,2,-5,-5,-5
4431,2,1,1,1
4432,2,1,-5,1
4433,2,1,8,1
4434,2,3,1,1
4435,1,-5,-5,1
4436,1,1,-5,-5
4437,1,1,1,2
4438,2,1,1,1
4439,1,8,4,1
4440,1,1,1,1
4441,2,1,-5,-5
4442,2,1,1,1
4443,2,-5,-5,-5
4444,1,1,1,1
4445,1,-5,1,1
4446,1,1,1,1
4447,1,1,-5,-5
4448,1,1,1,1
4449,1,1,1,1
4450,1,8,1,2
4451,1,1,1,1
4452,2,1,-5,-5
4453,2,-5,-5,1
4454,2,1,1,1
4455,2,1,-5,-5
4456,2,1,-5,-5
4457,2,1,1,1
4458,2,3,1,1
4459,2,3,1,1
4460,1,1,-5,1
4461,2,1,1,1
4462,2,1,1,1
4463,1,1,2,-5
4464,1,1,1,1
4465,1,1,1,1
4466,1,1,1,1
4467,1,1,1,1
4468,2,1,1,1
4469,2,3,-5,1
4470,1,1,1,1
4471,1,2,1,1
4472,1,1,-5,1
4473,1,1,1,1
4474,1,1,-5,-5
4475,2,-5,-5,-5
4476,2,1,3,1
4477,2,1,1,1
4478,2,-5,-5,-5
4479,1,1,1,1
4480,1,1,8,1
4481,1,1,-5,-5
4482,1,1,1,-5
4483,1,1,-5,-5
4484,1,-5,-5,-5
4485,1,1,-5,-5
4486,2,1,1,1
4487,2,1,-5,1
4488,2,-5,1,1
4489,2,1,1,-5
4490,2,1,3,-5
4491,2,1,1,3
4492,2,-5,1,1
4493,2,1,1,1
4494,1,1,-5,-5
4495,1,-5,1,-5
4496,1,1,-5,-5
4497,2,-5,1,1
4498,2,1,-5,-5
4499,2,1,-5,1
4500,1,1,2,1
4501,2,1,1,1
4502,2,-5,-5,-5
4503,1,1,1,-5
4504,1,-5,1,1
4505,1,-5,4,1
4506,1,1,1,-5
4507,1,1,2,1
4508,1,1,1,1
4509,1,1,1,1
4510,1,3,8,6
4511,2,-5,1,-5
4512,1,1,1,1
4513,1,1,-5,-5
4514,1,1,1,1
4515,1,1,6,3
4516,1,1,1,1
4517,1,1,4,-5
4518,1,1,1,1
4519,1,1,1,1
4520,1,1,1,1
4521,1,3,1,1
4522,1,1,1,1
4523,1,1,1,1
4524,1,-5,-5,-5
4525,1,1,1,-5
4526,1,-5,-5,-5
4527,1,-5,-5,-5
4528,1,1,-5,-5
4529,1,-5,-5,-5
4530,1,1,1,1
4531,1,1,1,1
4532,1,1,-5,-5
4533,1,1,-5,-5
4534,1,1,1,1
4535,1,-5,1,1
4536,2,-5,3,1
4537,2,-5,-5,-5
4538,1,1,1,1
4539,1,4,1,1
4540,1,4,1,1
4541,1,1,1,1
4542,2,-5,-5,-5
4543,2,1,1,3
4544,2,-5,-5,-5
4545,2,-5,-5,-5
4546,2,8,-5,-5
4547,2,1,-5,-5
4548,2,1,1,1
4549,1,1,-5,-5
4550,1,-5,-5,-5
4551,2,1,1,1
4552,2,4,1,-5
4553,2,4,1,1
4554,1,1,1,1
4555,1,-5,-5,-5
4556,2,1,-5,-5
4557,2,1,1,1
4558,2,1,1,1
4559,2,-5,-5,-5
4560,2,1,1,1
4561,2,1,-5,1
4562,2,3,3,2
4563,1,1,1,1
4564,1,1,1,-5
4565,1,1,1,-5
4566,1,-5,-5,-5
4567,1,1,1,1
4568,1,1,1,1
4569,1,1,1,-5
4570,1,-5,-5,-5
4571,1,1,8,1
4572,1,4,1,1
4573,1,1,1,-5
4574,1,2,2,1
4575,2,1,6,8
4576,2,-5,-5,-5
4577,1,1,1,1
4578,1,8,-5,1
4579,1,1,1,1
4580,1,1,1,1
4581,1,1,-5,-5
4582,1,1,-5,-5
4583,1,-5,-5,-5
4584,1,1,1,1
4585,1,1,-5,-5
4586,1,1,1,1
4587,1,4,1,1
4588,1,1,-5,-5
4589,1,1,1,1
4590,1,1,1,1
4591,1,1,1,1
4592,1,1,1,1
4593,2,3,1,1
4594,2,1,1,1
4595,2,-5,-5,-5
4596,2,1,2,1
4597,2,1,1,-5
4598,2,2,3,-5
4599,1,-5,-5,-5
4600,1,1,1,8
4601,1,1,1,1
4602,1,1,1,1
4603,2,4,1,1
4604,1,-5,-5,-5
4605,1,-5,-5,-5
4606,1,1,1,1
4607,1,1,1,1
4608,1,-5,-5,-5
4609,1,1,1,1
4610,1,-5,1,1
4611,1,-5,1,1
4612,1,-5,-5,-5
4613,1,-5,-5,-5
4614,1,-5,-5,-5
4615,1,-5,-5,1
4616,1,1,1,1
4617,1,1,1,-5
4618,1,-5,-5,-5
4619,2,-5,-5,-5
4620,2,-5,-5,1
4621,1,3,-5,1
4622,2,1,1,3
4623,2,8,1,3
4624,1,1,1,1
4625,2,1,1,1
4626,2,1,1,1
4627,2,1,1,2
4628,2,-5,1,1
4629,2,1,2,1
4630,2,-5,1,1
4631,2,1,1,1
4632,2,1,1,1
4633,2,-5,-5,-5
4634,2,-5,-5,-5
4635,2,3,3,3
4636,2,1,8,6
4637,2,1,1,1
4638,2,-5,-5,-5
4639,2,1,1,1
4640,2,1,-5,-5
4641,2,-5,-5,-5
4642,2,1,1,1
4643,2,4,1,-5
4644,2,1,1,1
4645,1,4,1,1
4646,2,1,1,1
4647,2,1,-5,-5
4648,2,1,1,8
4649,2,-5,-5,-5
4650,2,1,1,1
4651,2,-5,-5,-5
4652,2,-5,-5,-5
4653,2,4,1,1
4654,2,-5,1,8
4655,2,1,1,1
4656,2,-5,1,1
4657,2,8,1,1
4658,2,1,1,1
4659,2,1,1,-5
4660,2,1,1,1
4661,2,1,1,1
4662,1,1,1,-5
4663,1,1,1,1
4664,1,1,3,1
4665,1,-5,1,1
4666,1,1,1,1
4667,1,1,-5,-5
4668,2,1,1,1
4669,2,1,-5,-5
4670,1,-5,-5,-5
4671,2,1,1,2
4672,2,1,1,1
4673,2,1,2,1
4674,1,1,1,1
4675,2,1,1,1
4676,2,-5,-5,-5
4677,2,-5,-5,1
4678,2,1,1,-5
4679,2,1,-5,-5
4680,2,1,1,-5
4681,2,1,-5,-5
4682,2,1,1,-5
4683,2,1,1,1
4684,2,1,1,1
4685,2,1,-5,-5
4686,2,1,1,1
4687,2,-5,1,1
4688,2,1,1,1
4689,2,-5,-5,-5
4690,2,8,-5,-5
4691,2,-5,-5,-5
4692,2,1,1,1
4693,2,1,1,1
4694,2,1,-5,-5
4695,2,1,-5,-5
4696,2,-5,1,1
4697,1,1,1,1
4698,1,4,1,1
4699,1,1,1,1
4700,1,3,1,1
4701,2,1,1,1
4702,2,1,1,1
4703,2,-5,-5,-5
4704,2,1,1,-5
4705,2,-5,-5,-5
4706,2,-5,-5,1
4707,2,-5,-5,-5
4708,2,1,1,-5
4709,2,1,1,1
4710,2,1,-5,1
4711,2,8,6,8
4712,2,1,1,1
4713,2,1,1,1
4714,2,1,-5,-5
4715,1,1,1,1
4716,1,1,1,1
4717,1,2,1,1
4718,1,4,1,1
4719,1,1,-5,-5
4720,1,8,-5,3
4721,1,-5,1,1
4722,1,1,1,-5
4723,1,8,1,3
4724,2,1,1,1
4725,2,-5,-5,-5
4726,2,3,-5,-5
4727,2,-5,3,-5
4728,2,-5,-5,-5
4729,2,-5,-5,-5
4730,2,1,1,1
4731,2,1,1,1
4732,2,1,8,1
4733,2,1,1,1
4734,2,1,1,2
4735,2,1,1,1
4736,2,1,1,1
4737,2,1,-5,-5
4738,2,-5,1,1
4739,2,1,1,1
4740,2,1,1,1
4741,2,1,8,1
4742,2,1,1,1
4743,2,1,1,1
4744,2,1,1,1
4745,2,-5,-5,-5
4746,2,1,-5,-5
4747,1,1,1,1
4748,1,3,1,1
4749,2,-5,1,1
4750,1,-5,-5,-5
4751,2,1,1,-5
4752,1,1,1,1
4753,2,-5,-5,3
4754,2,-5,-5,1
4755,2,-5,-5,-5
4756,2,1,1,1
4757,2,1,1,1
4758,2,1,1,1
4759,2,-5,1,3
4760,2,1,1,1
4761,2,-5,1,8
4762,1,1,-5,-5
4763,2,1,1,-5
4764,1,-5,1,1
4765,3,3,1,1
4766,1,1,1,1
4767,3,3,-5,1
4768,1,1,1,1
4769,3,1,1,1
4770,1,-5,-5,-5
4771,1,1,1,-5
4772,1,1,1,1
4773,1,1,1,1
4774,1,1,1,1
4775,1,1,1,1
4776,1,1,1,1
4777,1,1,1,2
4778,1,1,1,1
4779,1,1,1,1
4780,1,1,1,1
4781,1,-5,-5,-5
4782,1,-5,-5,-5
4783,1,1,-5,1
4784,1,1,1,-5
4785,1,1,6,1
4786,1,-5,1,1
4787,1,4,1,1
4788,1,1,1,1
4789,1,1,1,1
4790,1,1,1,1
4791,1,1,1,1
4792,1,1,1,1
4793,1,1,1,1
4794,1,3,1,1
4795,1,-5,1,1
4796,1,3,1,2
4797,1,-5,-5,-5
4798,1,3,-5,1
4799,1,1,1,1
4800,1,1,1,1
4801,1,-5,-5,-5
4802,1,1,3,-5
4803,1,1,1,1
4804,1,1,1,1
4805,1,1,1,1
4806,1,1,1,1
4807,1,1,1,1
4808,1,1,1,-5
4809,1,1,-5,-5
4810,1,1,1,1
4811,1,3,1,1
4812,1,1,-5,-5
4813,2,1,-5,-5
4814,2,1,-5,-5
4815,2,1,-5,-5
4816,2,1,-5,1
4817,2,-5,-5,-5
4818,2,1,1,1
4819,2,1,1,1
4820,2,-5,-5,-5
4821,1,1,1,1
4822,1,1,1,1
4823,1,1,1,1
4824,1,1,1,1
4825,1,-5,-5,-5
4826,1,-5,-5,-5
4827,1,3,1,1
4828,1,-5,-5,-5
4829,1,1,-5,-5
4830,1,3,-5,-5
4831,1,-5,1,1
4832,1,1,1,3
4833,1,1,1,-5
4834,1,1,1,1
4835,1,1,1,1
4836,1,-5,-5,-5
4837,1,1,1,1
4838,1,1,1,1
4839,1,4,1,1
4840,1,1,1,-5
4841,1,1,1,-5
4842,1,1,1,1
4843,1,1,1,1
4844,1,1,1,1
4845,1,3,1,-5
4846,1,4,-5,-5
4847,1,4,1,1
4848,1,4,-5,-5
4849,1,1,1,1
4850,2,1,-5,-5
4851,2,1,1,1
4852,1,2,2,6
4853,2,-5,-5,-5
4854,2,-5,1,2
4855,2,8,-5,-5
4856,2,3,-5,8
4857,1,-5,1,1
4858,1,1,1,1
4859,2,1,-5,-5
4860,2,4,1,1
4861,2,1,1,-5
4862,2,1,1,1
4863,2,1,1,1
4864,2,1,1,1
4865,2,1,1,1
4866,2,-5,3,-5
4867,1,-5,-5,-5
4868,2,3,1,1
4869,1,1,1,3
4870,1,1,1,1
4871,1,1,1,-5
4872,1,1,1,1
4873,1,1,1,1
4874,1,1,1,1
4875,2,1,1,1
4876,2,-5,-5,-5
4877,2,3,2,1
4878,2,-5,-5,-5
4879,1,1,1,1
4880,2,2,1,1
4881,2,-5,1,-5
4882,2,1,1,1
4883,2,1,1,1
4884,2,-5,8,-5
4885,2,1,1,-5
4886,2,1,1,1
4887,2,8,1,1
4888,2,1,1,1
4889,2,1,1,1
4890,1,1,1,1
4891,2,-5,-5,-5
4892,2,1,1,-5
4893,2,1,-5,-5
4894,2,1,1,1
4895,2,1,1,1
4896,2,1,1,1
4897,1,-5,-5,-5
4898,1,1,1,1
4899,1,1,1,1
4900,2,-5,-5,-5
4901,1,-5,-5,-5
4902,1,1,2,1
4903,2,4,1,1
4904,1,1,1,1
4905,1,1,1,1
4906,1,1,1,1
4907,2,1,-5,1
4908,2,1,1,1
4909,1,1,-5,1
4910,2,1,1,-5
4911,2,-5,1,1
4912,1,1,1,1
4913,1,1,1,1
4914,2,1,2,1
4915,2,3,1,1
4916,2,1,1,1
4917,1,6,6,6
4918,1,1,2,1
4919,1,1,1,1
4920,2,1,1,1
4921,2,6,-5,-5
4922,2,1,-5,-5
4923,2,1,1,1
4924,2,1,1,3
4925,2,-5,-5,-5
4926,2,1,2,1
4927,1,1,1,1
4928,1,1,1,-5
4929,1,1,1,2
4930,2,1,3,1
4931,2,1,1,1
4932,2,1,3,3
4933,2,-5,-5,-5
4934,2,1,1,1
4935,2,-5,-5,-5
4936,2,1,1,1
4937,2,1,1,1
4938,2,1,1,1
4939,2,-5,-5,-5
4940,2,1,1,1
4941,2,-5,-5,-5
4942,2,-5,-5,-5
4943,2,1,1,1
4944,2,-5,1,1
4945,2,-5,1,1
4946,2,1,1,1
4947,2,1,1,-5
4948,2,1,1,-5
4949,1,1,1,1
4950,2,1,1,2
4951,1,6,6,6
4952,1,1,1,1
4953,1,4,1,1
4954,2,1,-5,-5
4955,2,1,1,1
4956,1,1,-5,-5
4957,2,1,1,1
4958,2,1,1,3
4959,2,1,1,1
4960,2,1,1,1
4961,2,1,1,1
4962,2,1,-5,-5
4963,2,1,3,-5
4964,2,3,1,1
4965,2,1,1,1
4966,2,3,-5,-5
4967,2,1,-5,1
4968,2,-5,-5,-5
4969,2,1,1,8
4970,2,1,1,1
4971,2,1,2,1
4972,2,1,1,1
4973,2,1,1,1
4974,2,1,1,1
4975,2,1,1,1
4976,2,1,1,1
4977,2,4,1,1
4978,2,4,1,1
4979,1,2,1,-5
4980,1,1,-5,-5
4981,2,1,1,-5
4982,2,1,-5,-5
4983,2,1,1,1
4984,2,1,1,-5
4985,2,8,6,-5
4986,2,1,3,-5
4987,2,-5,1,1
4988,2,1,1,1
4989,2,-5,-5,-5
4990,2,1,1,1
4991,2,1,1,8
4992,2,1,1,1
4993,2,1,-5,-5
4994,2,1,1,1
4995,2,1,1,1
4996,2,1,1,1
4997,2,1,1,1
4998,1,1,1,1
4999,2,1,1,1
5000,2,1,1,-5
5001,2,1,1,1
5002,2,-5,-5,-5
5003,2,1,1,-5
5004,2,1,1,1
5005,2,-5,-5,-5
5006,2,2,-5,1
5007,2,1,-5,-5
5008,2,1,1,1
5009,2,1,1,1
5010,2,1,2,3
5011,2,1,1,1
5012,1,-5,1,-5
5013,1,1,1,1
5014,1,-5,-5,-5
5015,1,-5,-5,-5
5016,1,3,-5,-5
5017,1,1,1,1
5018,1,1,1,1
5019,1,1,-5,-5
5020,2,1,1,1
5021,1,1,1,1
5022,1,1,1,1
5023,1,1,1,1
5024,1,1,3,1
5025,1,1,1,1
5026,1,1,3,3
5027,1,1,3,1
5028,1,1,2,1
5029,2,1,3,1
5030,1,1,1,1
5031,2,1,1,1
5032,1,2,3,-5
5033,1,1,1,6
5034,1,-5,-5,-5
5035,1,1,-5,1
5036,1,-5,4,1
5037,1,1,1,1
5038,1,-5,-5,-5
5039,1,1,1,1
5040,1,1,1,1
5041,1,1,-5,-5
5042,1,-5,-5,1
5043,2,-5,-5,-5
5044,2,-5,3,-5
5045,1,1,-5,-5
5046,1,1,3,1
5047,1,-5,-5,1
5048,1,1,2,-5
5049,1,-5,-5,-5
5050,1,1,4,1
5051,1,3,1,1
5052,1,-5,1,1
5053,1,2,1,1
5054,1,1,1,1
5055,1,1,1,1
5056,1,-5,3,-5
5057,1,1,1,-5
5058,1,1,1,1
5059,1,1,1,1
5060,1,-5,1,1
5061,1,1,1,1
5062,1,1,1,1
5063,1,-5,-5,-5
5064,1,-5,1,1
5065,1,1,-5,2
5066,1,1,-5,-5
5067,1,-5,-5,1
5068,1,1,1,1
5069,1,1,1,1
5070,1,-5,-5,-5
5071,1,1,1,1
5072,1,-5,-5,-5
5073,1,1,1,1
5074,1,1,1,1
5075,1,1,1,1
5076,1,1,1,1
5077,1,1,-5,1
5078,1,-5,1,1
5079,2,3,-5,-5
5080,2,1,-5,-5
5081,1,1,1,1
5082,1,3,8,-5
5083,2,1,1,1
5084,2,1,1,1
5085,2,1,-5,-5
5086,2,-5,-5,-5
5087,2,3,6,1
5088,2,1,1,1
5089,2,1,1,1
5090,2,-5,-5,3
5091,2,-5,1,1
5092,2,1,1,1
5093,2,1,1,-5
5094,2,-5,-5,-5
5095,2,-5,-5,-5
5096,2,1,-5,3
5097,2,1,1,1
5098,1,1,1,1
5099,1,1,1,-5
5100,1,1,1,1
5101,1,1,1,1
5102,2,1,1,1
5103,2,1,1,1
5104,2,3,1,3
5105,2,1,1,-5
5106,2,1,1,1
5107,1,2,1,-5
5108,1,1,1,1
5109,2,1,-5,1
5110,1,-5,1,1
5111,2,-5,-5,-5
5112,2,1,-5,-5
5113,1,1,1,1
5114,1,1,-5,-5
5115,2,1,1,1
5116,1,1,1,1
5117,1,1,1,1
5118,1,-5,-5,1
5119,2,1,-5,-5
5120,2,1,1,6
5121,2,1,3,-5
5122,2,1,1,3
5123,2,1,1,1
5124,1,1,1,1
5125,1,-5,-5,-5
5126,1,1,1,1
5127,1,1,1,1
5128,1,1,1,1
5129,1,1,1,1
5130,1,1,-5,-5
5131,1,1,1,6
5132,1,1,1,1
5133,2,-5,-5,-5
5134,1,1,1,1
5135,1,1,1,1
5136,1,1,-5,-5
5137,1,1,1,2
5138,1,-5,-5,-5
5139,1,1,1,1
5140,1,-5,1,1
5141,1,-5,-5,-5
5142,1,1,1,-5
5143,1,1,1,1
5144,1,1,1,1
5145,1,1,1,2
5146,1,2,1,2
5147,1,1,-5,-5
5148,1,1,1,-5
5149,1,1,1,1
5150,1,1,1,1
5151,1,1,1,-5
5152,2,1,1,3
5153,2,1,1,1
5154,2,1,6,-5
5155,2,1,-5,-5
5156,2,1,3,1
5157,2,-5,-5,-5
5158,2,-5,-5,-5
5159,2,3,1,8
5160,2,-5,-5,-5
5161,2,1,1,-5
5162,2,1,1,1
5163,2,1,1,-5
5164,2,-5,-5,-5
5165,1,2,1,2
5166,2,1,1,3
5167,2,2,2,2
5168,2,3,1,1
5169,2,-5,-5,-5
5170,2,-5,-5,-5
5171,2,2,1,3
5172,2,1,1,1
5173,2,1,1,1
5174,2,2,1,-5
5175,2,1,-5,-5
5176,2,1,1,1
5177,2,1,1,2
5178,2,-5,-5,-5
5179,2,1,1,1
5180,1,1,-5,-5
5181,1,1,-5,-5
5182,1,-5,-5,-5
5183,1,1,1,-5
5184,1,1,1,-5
5185,1,1,1,1
5186,1,1,1,1
5187,1,-5,1,1
5188,1,-5,-5,-5
5189,2,2,-5,1
5190,2,-5,-5,-5
5191,2,1,1,1
5192,1,8,1,-5
5193,2,1,1,1
5194,1,1,1,1
5195,1,6,6,8
5196,1,1,1,-5
5197,2,3,-5,-5
5198,2,-5,-5,-5
5199,2,1,1,1
5200,2,2,1,1
5201,2,-5,-5,-5
5202,2,1,-5,-5
5203,2,-5,-5,1
5204,2,4,1,-5
5205,1,-5,1,1
5206,1,1,1,-5
5207,1,-5,-5,-5
5208,2,1,-5,-5
5209,2,-5,-5,-5
5210,1,1,1,1
5211,1,-5,1,1
5212,2,1,1,1
5213,2,1,1,-5
5214,2,3,8,8
5215,2,2,-5,3
5216,2,-5,-5,-5
5217,1,-5,-5,-5
5218,1,-5,1,-5
5219,1,1,1,-5
5220,1,1,1,1
5221,1,1,1,1
5222,1,-5,-5,-5
5223,2,-5,-5,-5
5224,2,1,1,1
5225,2,3,1,2